<?xml version="1.0" encoding="UTF-8"?>
<!--
##############################################################################
#
#    Copyright (C) 2011 Michael Telahun Makonnen <mmakonnen@gmail.com>.
#    All Rights Reserved.
#
#    This program is free software: you can redistribute it and/or modify
#    it under the terms of the GNU Affero General Public License as published by
#    the Free Software Foundation, either version 3 of the License, or
#    (at your option) any later version.
#
#    This program is distributed in the hope that it will be useful,
#    but WITHOUT ANY WARRANTY; without even the implied warranty of
#    MERCHANTABILITY or FITNESS FOR A PARTICULAR PURPOSE.  See the
#    GNU Affero General Public License for more details.
#
#    You should have received a copy of the GNU Affero General Public License
#    along with this program.  If not, see <http://www.gnu.org/licenses/>.
#
##############################################################################

    Document   : hr_payroll_view.xml
    Created on : April 15, 2011, 11:49 AM
    Author     : mtm
    Description:
        Update employee record view to show Employee ID.
-->

<openerp>
    <data>
        <record id="view_employee_form" model="ir.ui.view">
            <field name="name">hr.employee.form.inherit</field>
            <field name="model">hr.employee</field>
            <field name="inherit_id" ref="hr.view_employee_form"/>
            <field name="arch" type="xml">
                <field name="department_id" position="before">
                    <field name="employee_no"/>
                </field>
            </field>
        </record>
    </data>
</openerp>
