<?xml version="1.0" encoding="UTF-8"?>
<openerp>
    <data>

        <record id="view_employee_form" model="ir.ui.view">
            <field name="name">hr.employee.form.inherit</field>
            <field name="model">hr.employee</field>
            <field name="inherit_id" ref="hr.view_employee_form"/>
            <field name="arch" type="xml">
                <data>
                    <div name="button_box" position="after">
                        <div class="oe_title">
                            <label for="f_employee_no" class="oe_edit_only"/>
                            <h2>
                                <field name="f_employee_no"/>
                            </h2>
                        </div>
                    </div>
                    <field name="identification_id" position="after">
                        <field name="tin_no"/>
                    </field>
                </data>
            </field>
        </record>

        <record id="view_employee_tree" model="ir.ui.view">
            <field name="name">hr.employee.tree.inherit</field>
            <field name="model">hr.employee</field>
            <field name="inherit_id" ref="hr.view_employee_tree"/>
            <field name="arch" type="xml">
                <data>
                    <field name="name" position="after">
                        <field name="employee_no" invisible="1"/>
                        <field name="f_employee_no"/>
                        <field name="tin_no"/>
                    </field>
                </data>
            </field>
        </record>

        <record id="view_employee_filter" model="ir.ui.view">
            <field name="name">Employees</field>
            <field name="model">hr.employee</field>
            <field name="inherit_id" ref="hr.view_employee_filter"/>
            <field name="arch" type="xml">
                <field name="name" position="after">
                    <field name="employee_no"/>
                    <field name="tin_no"/>
                </field>
            </field>
        </record>
        <record model="ir.ui.view" id="hr_kanban_view_employees">
            <field name="name">HR - Employees Kanban</field>
            <field name="model">hr.employee</field>
            <field name="inherit_id" ref="hr.hr_kanban_view_employees"/>
            <field name="arch" type="xml">
                <field name="job_id" position="before">
                    <li><field name="f_employee_no"/></li>
                </field>
            </field>
        </record>
        
    </data>
</openerp>
