<?xml version="1.0"?>
<openerp>
  <data>
      
    <record id="property_rule_holidays_supervisor" model="ir.rule">
        <field name="name">Supervisor Holidays</field>
        <field model="ir.model" name="model_id" ref="model_hr_holidays"/>
        <field name="domain_force">['|', ('employee_id', 'child_of', [user.employee_ids[0].id]), ('employee_id.department_id.manager_id.user_id.id', '=', user.id)]</field>
        <field name="groups" eval="[(4,ref('hr_holidays_extension.group_hr_leave'))]"/>
    </record>
    
  </data>
</openerp>
