<?xml version="1.0" encoding="utf-8" ?>
<openerp>
    <data noupdate="0">
        
        <!-- Leave Approval User Group -->
        
        <record id="group_hr_leave" model="res.groups">
            <field name="name">Leave Approval</field>
            <field name="category_id" ref="base.module_category_human_resources"/>
            <field name="users" eval="[(4, ref('base.user_root'))]"/>
            <field name="comment">the user can approve leaves</field>
        </record>
        
    </data>    
</openerp>
