<?xml version="1.0" encoding="UTF-8"?>
<openerp>
    <data>

        <!-- Template kanban -->
        <record id="product_template_kanban_view" model="ir.ui.view">
            <field name="name">product_price_currency.kanban</field>
            <field name="model">product.template</field>
            <field name="inherit_id" ref="product.product_template_kanban_view" />
            <field name="arch" type="xml">
                <li position="inside">
                    <field name="sale_price_currency_id"/>
                </li>
                <li>
                <!-- <li invisible="not context.get('pricelist',False)"> -->
                    <li>Pricelist Price: <field name="price"></field></li>
                </li>
            </field>
        </record>

        <!-- Template form -->
        <record id="product_template_only_form_view" model="ir.ui.view">
            <field name="name">product_price_currency.form</field>
            <field name="model">product.template</field>
            <field name="inherit_id" ref="product.product_template_only_form_view" />
            <field name="arch" type="xml">
                <field name="list_price" position="replace">
                    <label for="list_price"/>
                    <div>
                        <field name="list_price" class="oe_inline"/>
                        <field name="sale_price_currency_id" class="oe_inline"/> / 
                        <field name="sale_price_on_list_price_type_currency" class="oe_inline"/>
                        <field name="list_price_type_currency_id" class="oe_inline"/>
                    </div>
                </field>
            </field>
        </record>

        <!-- Template search -->
        <record id="product_template_search_view" model="ir.ui.view">
            <field name="name">product_price_currency.search</field>
            <field name="model">product.template</field>
            <field name="inherit_id" ref="product.product_template_search_view" />
            <field name="arch" type="xml">
                <field name="company_id" position="after">
                    <field name="sale_price_currency_id"/>
                </field>
            </field>
        </record>

        <!-- Template tree -->
        <record id="product_template_tree_view" model="ir.ui.view">
            <field name="name">product.template.product.tree</field>
            <field name="model">product.template</field>
            <field name="inherit_id" ref="product.product_template_tree_view" />
            <field name="arch" type="xml">
                <tree>
                    <field name="lst_price"/>
                    <field name="sale_price_currency_id" string="Currency"/>
                    <field name="price" string="Pricelist Price" invisible="not context.get('pricelist',False)"/>
                </tree>
            </field>
        </record>

        <!-- product form -->
        <record id="product_normal_form_view" model="ir.ui.view">
            <field name="name">product_price_currency.form</field>
            <field name="model">product.product</field>
            <field name="inherit_id" ref="product.product_normal_form_view" />
            <field name="arch" type="xml">
                <field name="lst_price" position="replace">
                    <label for="lst_price"/>
                    <div>
                        <field name="lst_price" class="oe_inline"/>
                        <!-- to not confuse we dont want currency to be change from here -->
                        <field name="sale_price_currency_id" readonly="1" class="oe_inline"/>
                    </div>
                </field>
            </field>
        </record>

        <!-- product tree -->
        <record id="product_price_currency_tree_view" model="ir.ui.view">
            <field name="name">product_price_currency.tree</field>
            <field name="model">product.product</field>
            <field name="inherit_id" ref="product.product_product_tree_view" />
            <field name="arch" type="xml">
                <field name="lst_price" position="after">
                    <field name="sale_price_currency_id" />
                </field>
            </field>
        </record>
        <!-- product kanban view -->
        <record id="product_kanban_view" model="ir.ui.view">
            <field name="name">product_price_currency.kanban</field>
            <field name="model">product.product</field>
            <field name="inherit_id" ref="product.product_kanban_view" />
            <field name="arch" type="xml">
                <li position="inside">
                    <field name="sale_price_currency_id"/>
                </li>
            </field>
        </record>
    </data>
</openerp>
