<?xml version="1.0" encoding="UTF-8"?>
<openerp>
  <data>
    <record id="sale.action_order_line_tree2" model="ir.actions.act_window">
      <field name="domain">[('layout_type','=', 'article')]</field>
    </record>
    <record model="ir.ui.view" id="view_order_form_inherit_1">
      <field name="name">sale.order.form.inherit_1</field>
      <field name="model">sale.order</field>
      <field name="inherit_id" ref="sale.view_order_form"/>
      <field name="priority">30</field>
      <field name="type">form</field>
      <field name="arch" type="xml">
        <xpath expr="/form/notebook/page/field[@name='order_line']" position="replace">
          <field name="abstract_line_ids" colspan="4" nolabel="1" widget="one2many_list">
            <form string="Sale Order Lines">
              <notebook>
                <page string="Order Line">
                  <separator colspan="4" string="Automatic Declaration"/>
                  <field
                    attrs="{'readonly':[('layout_type','!=','article')]}"
                    colspan="4"
                    context="{'partner_id':parent.partner_id, 'quantity':product_uom_qty, 'pricelist':parent.pricelist_id, 'shop':parent.shop_id, 'uom':product_uom}"
                    name="product_id"
                    on_change="product_id_change(parent.pricelist_id,product_id,product_uom_qty,product_uom,product_uos_qty,product_uos,name,parent.partner_id, False, True, parent.date_order, product_packaging, parent.fiscal_position)"
                    />
                  <field
                    attrs="{'readonly':[('layout_type','!=','article')]}"
                    context="{'partner_id':parent.partner_id,'quantity':product_uom_qty,'pricelist':parent.pricelist_id,'shop':parent.shop_id,'uom':product_uom}"
                    name="product_uom_qty"
                    on_change="product_id_change(parent.pricelist_id,product_id,product_uom_qty,product_uom,product_uos_qty,product_uos,name,parent.partner_id, False, False, parent.date_order, product_packaging, parent.fiscal_position)"
                    />
                  <field
                    attrs="{'readonly':[('layout_type','!=','article')],  'required':[('layout_type','not in',['title','text','subtotal','line','break'])]}"
                    name="product_uom"
                    on_change="product_uom_change(parent.pricelist_id,product_id,product_uom_qty,product_uom,product_uos_qty,product_uos,name,parent.partner_id, False, False, parent.date_order)"
                    required="0"/>
                  <field
                    attrs="{'readonly':[('layout_type','!=','article')]}"
                    context="{'partner_id':parent.partner_id,'quantity':product_uom_qty,'pricelist':parent.pricelist_id,'shop':parent.shop_id,'uom':product_uom}"
                    domain="[('product_id','=',product_id)]"
                    groups="base.group_extended"
                    name="product_packaging"
                    on_change="product_id_change(parent.pricelist_id,product_id,product_uom_qty,product_uom,product_uos_qty,product_uos,name,parent.partner_id, False, False, parent.date_order, product_packaging, parent.fiscal_position)"/>
                  <separator colspan="4" string="Manual Description"/>
                  <field
                    name="layout_type"
                    on_change="onchange_sale_order_line_view(layout_type)"/>
                  <field name="sequence" string="Seq."/>
                  <field
                    attrs="{'readonly':[('layout_type','in',('line','break'))] }"
                    colspan="4"
                    name="name"
                    />
                  <field
                    attrs="{'readonly':[('layout_type','!=','article')],'required':[('layout_type','not in',['title','text','subtotal','line','break'])]}"
                    name="price_unit"
                    />
                  <field
                    attrs="{'readonly':[('layout_type','!=','article')]}"
                    name="discount"/>
                  <field
                    attrs="{'readonly':[('layout_type','!=','article')]}"
                    name="type"/>
                  <field
                    attrs="{'readonly':[('layout_type','!=','article')]}"
                    name="delay"
                    />
                  <field
                    attrs="{'readonly':[('layout_type','!=','article')]}"
                    colspan="4"
                    domain="[('parent_id','=',False)]"
                    name="tax_id"/>
                  <separator colspan="4" string="States"/>
                  <field name="state" />
                  <group col="3" colspan="2">
                    <field name="invoiced" />
                    <button
                      colspan="1"
                      name="%(sale.action_view_sale_order_line_make_invoice)d"
                      states="confirmed"
                      string="Make Invoice"
                      type="action"/>
                  </group>
                </page>
                <page groups="base.group_extended" string="Extra Info">
                  <field
                    groups="product.group_uos"
                    name="product_uos_qty"
                    on_change="uos_change(product_uos, product_uos_qty, product_id)"/>
                  <field groups="product.group_uos" name="product_uos"/>
                  <field name="address_allotment_id" />
                  <separator colspan="4" string="Properties"/>
                  <field colspan="4" name="property_ids" nolabel="1"/>
                </page>
                <page string="Notes">
                  <field colspan="4" name="notes" nolabel="1"/>
                </page>
                <page string="History" groups="base.group_extended">
                  <separator colspan="4" string="Invoice Lines"/>
                  <field colspan="4" name="invoice_lines" nolabel="1"/>
                  <separator colspan="4" string="Stock Moves"/>
                  <field colspan="4" name="move_ids" nolabel="1" widget="many2many"/>
                </page>
              </notebook>
            </form>
            <tree string="Sales order lines">
              <field colspan="4" name="name"/>
              <field name="product_uom_qty" string="Qty"/>
              <field name="product_uom" string="UoM"/>
              <field name="discount"/>
              <field name="price_unit"/>
              <!-- field name="price_net"/-->
              <field name="price_subtotal"/>
              <field name="sequence"/>
            </tree>
          </field>
        </xpath>
      </field>
    </record>
  </data>
</openerp>
