<?xml version="1.0" encoding="UTF-8"?>
<openerp>
  <data>
    <!-- Price Units in internal moves -->
<!--
        <record id="view_picking_price_unit_form" model="ir.ui.view">
            <field name="name">stock.picking.price.unit.form</field>
            <field name="model">stock.picking</field>
            <field name="type">form</field>
            <field name="inherit_id" ref="stock.view_picking_form"/>
            <field name="arch" type="xml">
               <xpath expr="/form/sheet/notebook/page/field/form/group/field[@name='product_uom']" position="after">
                  <field name="price_unit_pu" on_change="onchange_price_unit('price_unit',price_unit_pu,price_unit_id)" groups="c2c_product_price_unit.group_c2c_product_price_unit_manager"/>
                  <field name="price_unit_id" on_change="onchange_price_unit('price_unit',price_unit_pu,price_unit_id)" groups="c2c_product_price_unit.group_c2c_product_price_unit_manager"/>
                  <field name="price_unit" groups="c2c_product_price_unit.group_c2c_product_price_unit_manager"/>
               </xpath>
      </field>
    </record>
-->
    <!-- Price Units in incoming moves -->
<!--
        <record id="view_picking_price_unit_in_form" model="ir.ui.view">
            <field name="name">stock.picking.price_unit.in.form</field>
            <field name="model">stock.picking</field>
            <field name="type">form</field>
            <field name="inherit_id" ref="stock.view_picking_in_form"/>
            <field name="arch" type="xml">
               <xpath expr="/form/sheet/notebook/page/field/form/group/field[@name='product_uom']" position="after">
                  <field name="price_unit_pu" on_change="onchange_price_unit('price_unit',price_unit_pu,price_unit_id)" groups="c2c_product_price_unit.group_c2c_product_price_unit_manager"/>
                  <field name="price_unit_id" on_change="onchange_price_unit('price_unit',price_unit_pu,price_unit_id)" groups="c2c_product_price_unit.group_c2c_product_price_unit_manager"/>
                  <field name="price_unit" groups="c2c_product_price_unit.group_c2c_product_price_unit_manager"/>
               </xpath>
      </field>
    </record>
-->
  </data>
</openerp>
