<?xml version="1.0" encoding="utf-8"?>
<openerp>
    <data>
        <record model="ir.rule" id="antivir_unsafe_files_rule" >
            <field name="name">Antivir unsafe files</field>
            <field name="model_id" ref="base.model_ir_attachment" />
            <field name="groups" eval="[(4, ref('base.group_user'))]"/>
            <field name="domain_force">[('virus_safe', '!=', False),('virus_scan_date','=',False)]</field>
            <field eval="0" name="perm_unlink"/>
            <field eval="0" name="perm_write"/>
            <field eval="1" name="perm_read"/>
            <field eval="0" name="perm_create"/>
        </record>
    </data>
</openerp>