<?xml version="1.0" encoding="utf-8"?>
<openerp>
    <data noupdate="1">

        <!-- Gate Pass Types -->
        <record id="gate_pass_type_1" model="gatepass.type">
            <field name="name">Sales Delivery</field>
            <field name="code">Sales Delivery</field>
            <field name="approval_required">False</field>
            <field name="return_type">non_return</field>
            <field name="sales_delivery">True</field>
        </record>

        <record id="gate_pass_type_2" model="gatepass.type">
            <field name="name">Returnable Sales Delivery</field>
            <field name="code">Returnable Sales Delivery</field>
            <field name="approval_required">False</field>
            <field name="return_type">return</field>
            <field name="sales_delivery">True</field>
        </record>

        <record id="gate_pass_type_3" model="gatepass.type">
            <field name="name">Cylinders Return</field>
            <field name="code">Cylinders Return</field>
            <field name="approval_required">False</field>
            <field name="return_type">non_return</field>
            <field name="sales_delivery">False</field>
        </record>
        
        <record id="gate_pass_type_6" model="gatepass.type">
            <field name="name">Returnable Cylinders</field>
            <field name="code">Returnable Cylinders</field>
            <field name="approval_required">False</field>
            <field name="return_type">non_return</field>
            <field name="sales_delivery">False</field>
        </record>

        <record id="gate_pass_type_4" model="gatepass.type">
            <field name="name">Repairing at Supplier Location</field>
            <field name="code">Repairing at Supplier Location</field>
            <field name="approval_required">True</field>
            <field name="return_type">return</field>
            <field name="sales_delivery">False</field>
        </record>

        <!-- Gatepass-related subtypes for messaging / Chatter -->
        <record id="mt_gatepass_pending" model="mail.message.subtype">
            <field name="name">Pending</field>
            <field name="res_model">stock.gatepass</field>
            <field name="description">Gatepass is pending</field>
        </record>

        <record id="mt_gatepass_done" model="mail.message.subtype">
            <field name="name">Done</field>
            <field name="res_model">stock.gatepass</field>
            <field name="description">Gatepass is done</field>
        </record>

    </data>
</openerp>
