<?xml version="1.0" encoding="UTF-8"?>
<openerp>
	<data>

		<!-- Gate Pass Form View -->
		<record id='view_gatepass_form' model='ir.ui.view'>
			<field name="name">stock.gatepass.form</field>
			<field name="model">stock.gatepass</field>
			<field name="arch" type="xml">
				<form string="Gate Pass" version="7.0">
					<header>
						<button name="gate_pass_done" string="Confirm" states="draft"
							class="oe_highlight" />
						<button name="open_incoming_shipment" string="Receive Product(s)"
							states="pending" class="oe_highlight" type="object" />
						<field name="state" widget="statusbar" statusbar_visible="draft, pending, done" />
					</header>
					<sheet>
						<div class="oe_title">
							<h1>
								<label string="Gate Pass" attrs="{'invisible': [('state','=','draft')]}" />
								<label string="Draft Gate Pass"
									attrs="{'invisible': [('state','in',('pending', 'done'))]}" />
								<field name="name" class="oe_inline" readonly="1" />
							</h1>
						</div>
						<div class="oe_right oe_inline" name="buttons">
							<button name="open_delivery_order" string="Delivery Order"
								type="object" attrs="{'invisible': [('state', '=', 'draft')]}" />
							<button name="open_incoming_shipment" string="Inward"
								type="object" attrs="{'invisible': [('in_picking_id', '=', False)]}" />
						</div>
						<group>
							<group>
								<field name="type_id" on_change="onchange_type(type_id)" />
								<field name="return_type" invisible="1" />
								<field name="approval_required" invisible="1" />
								<field name="partner_id" string="Party" />
							</group>
							<group>
								<field name="date" />
								<field name="approve_date" />
								<field name="company_id" groups="base.group_multi_company" />
							</group>
							<group>
								<!-- <field name="indent_id" on_change="onchange_indent(indent_id)" -->
								<!-- attrs="{'invisible': [('approval_required', '=', False)], 'required': 
									[('approval_required', '=', True)]}" -->
								<!-- domain="[('type', '=', 'existing'), ('state', '=', 'inprogress')]" 
									/> -->
								<field name="user_id" />
								<field name="out_picking_id" on_change="onchange_delivery_order(out_picking_id)"
									attrs="{'invisible': [('sales_delivery', '=', False)], 
                        				'required': [('sales_delivery', '=', True)]}"
									domain="[('state', '=', 'done'), ('type','=','out')]" />
							</group>
							<group>
								<field name="person_id" />
								<field name="driver_id" />
							</group>
							<group>
								<field name="in_picking_id" invisible="1" />
							</group>
						</group>
						<notebook>
							<page string="Products">
								<field name="line_ids">
									<form string="Products" version="7.0">
										<group>
											<group>
												<field name="product_id" on_change="onchange_product_id(product_id)" />
												<label for="product_qty" />
												<div>
													<field name="product_qty" class="oe_inline" />
													<field name="uom_id" class="oe_inline oe_no_button" />
												</div>
												<field name="price_unit" />
											</group>
											<group>
												<field name="prodlot_id" groups="stock.group_production_lot" />
											</group>
											<group>
												<field name="location_id" />
												<field name="location_dest_id" />
											</group>
										</group>
										<label for="name" />
										<field name="name" />
									</form>
									<tree string="Products">
										<field name="product_id" />
										<field name="location_id" />
										<field name="product_qty" />
										<field name="uom_id" />
										<field name="prodlot_id" />
										<field name="price_unit" />
									</tree>
								</field>
								<group class="oe_subtotal_footer oe_right">
									<field name="amount_total" class="oe_subtotal_footer_separator"
										options="{'currency_field': 'currency_id'}" />
								</group>
								<div class="oe_clear">
									<label for="description" />
								</div>
								<field name="description" class="oe_inline" />
							</page>
							<page string="Others">
								<group>
									<group>
										<field name="return_type" />
										<field name="approval_required" />
									</group>
									<group>
										<field name="sales_delivery" />
									</group>
								</group>
							</page>
						</notebook>
					</sheet>
					<div class="oe_chatter">
						<field name="message_follower_ids" widget="mail_followers" />
						<field name="message_ids" widget="mail_thread" />
					</div>
				</form>
			</field>
		</record>

		<!-- Gate Pass Tree View -->
		<record id='view_gate_pass_tree' model='ir.ui.view'>
			<field name="name">stock.gatepass.tree</field>
			<field name="model">stock.gatepass</field>
			<field name="arch" type="xml">
				<tree string="Gate Passes">
					<field name="name" />
					<field name="type_id" invisible="context.get('type_view', False)" />
					<field name="partner_id" string="Party" />
					<field name="date" />
					<field name="approve_date" />
					<field name="return_type" invisible="context.get('type_view', False)" />
					<field name="out_picking_id" invisible="1" />
					<field name="in_picking_id" invisible="1" />
					<field name="state" />
				</tree>
			</field>
		</record>

		<!-- Gate Pass Search View -->
		<record id="view_gate_pass_search" model="ir.ui.view">
			<field name="name">stock.gatepass.search</field>
			<field name="model">stock.gatepass</field>
			<field name="arch" type="xml">
				<search string="Gate Passes">
					<field name="name" filter_domain="[('name', 'ilike', self)]"
						string="Gate Pass" />
					<field name="date" />

					<filter string="Draft" name="state_draft" domain="[('state','=','draft')]" />
					<filter string="Pending" name="state_pending" domain="[('state','=','pending')]" />
					<filter string="Done" name="state_done" domain="[('state','=','done')]" />
					<field name="type_id" />
					<field name="partner_id" />
					<group expand="0" string="Group By...">
						<filter string="Gatepass Type" context="{'group_by': 'type_id', 'type_view':True}" />
						<filter string="Party" context="{'group_by': 'partner_id'}" />
						<filter string="Return Type" context="{'group_by': 'return_type'}" />
						<filter string="Status" context="{'group_by': 'state'}" />

						<filter string="Create Date" context="{'group_by': 'date'}" />
						<filter string="Approve Date" context="{'group_by': 'approve_date'}" />
					</group>
				</search>
			</field>
		</record>

		<!-- Gate Pass Action -->
		<record id='action_gate_pass' model='ir.actions.act_window'>
			<field name="name">Gate Passes</field>
			<field name="res_model">stock.gatepass</field>
			<field name="view_type">form</field>
			<field name="view_mode">tree,form</field>
			<field name="context">{'search_default_state_draft':1}</field>
			<field name="help" type="html">
				<p class="oe_view_nocontent_create">
					Click to create a new gate pass.
				</p>
			</field>
		</record>

		<!-- Gate Pass Type Form View -->
		<record id='view_gatepass_type_form' model='ir.ui.view'>
			<field name="name">stock.gatepass.type.form</field>
			<field name="model">gatepass.type</field>
			<field name="arch" type="xml">
				<form string="Gate Pass Type" version="7.0">
					<sheet>
						<group>
							<group>
								<field name="name" required="1" />
								<field name="return_type" />
							</group>
							<group>
								<field name="code" />
								<field name="approval_required" />
								<field name="sales_delivery" />
								<field name="active" />
							</group>
						</group>
					</sheet>
				</form>
			</field>
		</record>

		<!-- Gate Pass Type Tree View -->
		<record id='view_gatepass_type_tree' model='ir.ui.view'>
			<field name="name">stock.gatepass.type.tree</field>
			<field name="model">gatepass.type</field>
			<field name="arch" type="xml">
				<tree string="Gate Pass Types">
					<field name="name" />
					<field name="code" />
					<field name="return_type" />
					<field name="approval_required" />
					<field name="sales_delivery" />
				</tree>
			</field>
		</record>

		<!-- Gate Pass Type Action -->
		<record id='action_gate_pass_type' model='ir.actions.act_window'>
			<field name="name">Gate Pass Types</field>
			<field name="res_model">gatepass.type</field>
			<field name="view_type">form</field>
			<field name="view_mode">tree,form</field>
			<field name="help" type="html">
				<p class="oe_view_nocontent_create">
					Click to create a new gate pass type.
				</p>
			</field>
		</record>

		<!-- Gate Pass Menu -->
		<menuitem name="Gate Passes" parent="stock.menu_stock_root"
			id="menu_gate_pass_main" sequence="1" />
		<menuitem action="action_gate_pass" name="Gate Passes"
			parent="menu_gate_pass_main" id="menu_gate_pass" sequence="1" />
		<menuitem action="stock.action_picking_tree" id="stock.menu_action_picking_tree"
			parent="menu_gate_pass_main" sequence="5" />

		<!-- Gate Pass Type Menu -->
		<menuitem action="action_gate_pass_type" id="menu_gate_pass_type"
			name="Gate Pass Types" parent="stock.menu_stock_configuration" />

	</data>
</openerp>
