    <openerp>
<data noupdate="True">

        <!-- 
     project_activity_al
        -->
        <record model="project.activity_al" id="activity_al_1">
                        <field name="name">Administrative matters (not related to projects)</field>
                        <field name="code">gen</field>
                </record>
        <record model="project.activity_al" id="activity_al_2">
                        <field name="name">Standards - Procedures</field>
                        <field name="code">gen</field>
                </record>
        <record model="project.activity_al" id="activity_al_3">
                        <field name="name">Training / Seminars</field>
                        <field name="code">gen</field>
                </record>
        <record model="project.activity_al" id="activity_al_4">
                        <field name="name">Exhibitions</field>
                        <field name="code">gen</field>
                </record>
        <record model="project.activity_al" id="activity_al_5">
                        <field name="name">General Administration (économat, travaux, photocopies…)</field>
                        <field name="code">admin</field>
                </record>
        <record model="project.activity_al" id="activity_al_6">
                        <field name="name">Management</field>
                        <field name="code">admin</field>
                </record>
        <record model="project.activity_al" id="activity_al_1">
                        <field name="name">Meetings (internal or external)</field>
                        <field name="code">admin</field>
                </record>
        <record model="project.activity_al" id="activity_al_7">
                        <field name="name">Reception</field>
                        <field name="code">admin</field>
                </record>
        <record model="project.activity_al" id="activity_al_8">
                        <field name="name">Secretariat for Management</field>
                        <field name="code">admin</field>
                </record>
        <record model="project.activity_al" id="activity_al_9">
                        <field name="name">Secretariat on administrative matters</field>
                        <field name="code">admin</field>
                </record>
        <record model="project.activity_al" id="activity_al_10">
                        <field name="name">Travels</field>
                        <field name="code">admin</field>
                </record>
        <record model="project.activity_al" id="activity_al_11">
                        <field name="name">Communication</field>
                        <field name="code">market</field>
                </record>
        <record model="project.activity_al" id="activity_al_12">
                        <field name="name">Business Development</field>
                        <field name="code">market</field>
                </record>
        <record model="project.activity_al" id="activity_al_13">
                        <field name="name">Preparation of the offer &amp; Negociation</field>
                        <field name="code">market</field>
                </record>
        <record model="project.activity_al" id="activity_al_14">
                        <field name="name">Management</field>
                        <field name="code">project</field>
                </record>
        <record model="project.activity_al" id="activity_al_15">
                        <field name="name">Procurement</field>
                        <field name="code">project</field>
                </record>
        <record model="project.activity_al" id="activity_al_16">
                        <field name="name">Secretariat</field>
                        <field name="code">project</field>
                </record>
        <record model="project.activity_al" id="activity_al_17">
                        <field name="name">Meetings (internal)</field>
                        <field name="code">project</field>
                </record>
        <record model="project.activity_al" id="activity_al_18">
                        <field name="name">Meetings (with external partners)</field>
                        <field name="code">project</field>
                </record>
        <record model="project.activity_al" id="activity_al_19">
                        <field name="name">Missions abroad</field>
                        <field name="code">project</field>
                </record>
        <record model="project.activity_al" id="activity_al_20">
                        <field name="name">Periodic reports to client</field>
                        <field name="code">project</field>
                </record>
        <record model="project.activity_al" id="activity_al_21">
                        <field name="name">Contract &amp; claims (commercial negociations)</field>
                        <field name="code">project</field>
                </record>
        <record model="project.activity_al" id="activity_al_22">
                        <field name="name">Planning</field>
                        <field name="code">project</field>
                </record>
        <record model="project.activity_al" id="activity_al_23">
                        <field name="name">Quality / Time / Cost Control</field>
                        <field name="code">project</field>
                </record>
        
</data>
</openerp>