<openerp>
    <data>
        
        #---------------------------------------------------------------------------------------------------------
        #  project.activity_al
        #---------------------------------------------------------------------------------------------------------
        <record model="ir.ui.view" id="view_activity_al_form">
            <field name="name">project.activity_al.form</field>
            <field name="model">project.activity_al</field>
            <field name="type">form</field>
            <field name="arch" type="xml">
                <form string="Activity">
                    <field name="name" />
                    <field name="code" />
                    <field name="parent_id" />
                    <!-- <field name="type" /> -->
                    <field name="project_ids" colspan="4"/>
                </form>
            </field>
        </record>
        <record model="ir.ui.view" id="view_activity_al_list">
            <field name="name">project.activity_al.list</field>
            <field name="model">project.activity_al</field>
            <field name="type">tree</field>
            <field name="priority" eval="6"/>
            <field name="arch" type="xml">
                <tree string="Activity">
                    <field name="name"/>
                    <field name="code"/>
                    <field name="parent_id"/>
                </tree>
            </field>
        </record>
        
        <record model="ir.ui.view" id="view_activity_al_tree">
            <field name="name">project.activity_al.tree</field>
            <field name="model">project.activity_al</field>
            <field name="type">tree</field>
            <field name="field_parent">child_ids</field>
            <field name="arch" type="xml">
                <tree string="Activity">
                    <field name="name"/>
                    <field name="code"/>
                    <field name="parent_id"/>
                </tree>
            </field>
        </record>
        
        # --------------------------------------------------------------------------------------------
        #        Analytic account form
        # --------------------------------------------------------------------------------------------
        
        <record model="ir.ui.view" id="view_account_analytic_account_form">
            <field name="name">account.analytic.account.form</field>
            <field name="model">account.analytic.account</field>
            <field name="inherit_id" ref="account.view_account_analytic_account_form"/>
            <field name="type">form</field>
            <field name="arch" type="xml">
                <notebook position="inside">
                    <page string="Related activities">
                        <field name="activity_ids" colspan="4" />
                    </page>
                </notebook>
            </field>
        </record>
        
        #---------------------------------------------------------------------------------------------------------
        #   timesheet form in the timesheet_sheet
        #---------------------------------------------------------------------------------------------------------
        <record model="ir.ui.view" id="hr_timesheet_sheet_form_with_activity">
            <field name="name">hr.timesheet.sheet.form</field>
            <field name="model">hr_timesheet_sheet.sheet</field>
            <field name="inherit_id" ref="hr_timesheet_sheet.hr_timesheet_sheet_form"/>
            <field name="arch" type="xml">
                <field name="timesheet_ids" colspan="4" nolabel="1" domain="[('name','=',date_current)]" context="date=date_current,user_id=user_id" position="replace">
                    <field colspan="4" context="date=date_current,user_id=user_id" domain="[('name','=',date_current)]" name="timesheet_ids" nolabel="1">
                        <tree editable="top" string="Timesheet">
                            <field invisible="1" name="date"/>
                            <field domain="[('type','=','normal'), ('state', '&lt;&gt;', 'close')]" name="account_id"   on_change="on_change_account_id(account_id)"/>
                            <field name="name"/>
                            <field name="activity" context="account_id=account_id"/>
                            <field name="unit_amount" on_change="on_change_unit_amount(product_id, unit_amount, product_uom_id)" widget="float_time"/>
                            <field name="amount"/>
                            <field name="to_invoice"/>
                            <field invisible="1" name="journal_id"/>
                            <field name="product_id"/>
                            <field invisible="1" name="product_uom_id" on_change="on_change_unit_amount(product_id, unit_amount, product_uom_id)"/>
                            <field invisible="1" name="general_account_id"/>
                            <field invisible="1" name="user_id" required="1"/>
                        </tree>
                        <form string="Timesheet">
                            <field name="date"/>
                            <field domain="[('type','=','normal'), ('state', '&lt;&gt;', 'close')]" name="account_id" on_change="on_change_account_id(account_id)"/>
                            <field name="name"/>
                            <field name="activity" context="account_id=account_id"/>
                            <field name="unit_amount" on_change="on_change_unit_amount(product_id, unit_amount, product_uom_id)" widget="float_time"/>
                            <field name="to_invoice"/>
                            <field invisible="1" name="journal_id"/>
                            <field name="product_id"/>
                            <field invisible="1" name="product_uom_id" on_change="on_change_unit_amount(product_id, unit_amount, product_uom_id)"/>
                            <field name="amount" readonly="1"/>
                            <field name="general_account_id" readonly="1"/>
                            <field name="user_id" required="1" readonly="1"/>
                        </form>
                    </field>
                </field>
            </field>
        </record>  
        #---------------------------------------------------------------------------------------------------------
        #  ANALYTIC ACCOUNT : Add activity on analytic line
        #---------------------------------------------------------------------------------------------------------
        <record model="ir.ui.view" id="view_account_analytic_line_form">
            <field name="name">account.analytic.line.form</field>
            <field name="model">account.analytic.line</field>
            <field name="inherit_id" ref="account.view_account_analytic_line_form" />
            <field name="type">form</field>
            <field name="arch" type="xml">
                <field name="unit_amount"  position="after">
                    <field name="activity" />
                </field>
            </field>
        </record>
        <record model="ir.ui.view" id="view_account_analytic_line_tree">
            <field name="name">account.analytic.line.tree</field>
            <field name="model">account.analytic.line</field>
            <field name="inherit_id" ref="account.view_account_analytic_line_tree" />
            <field name="type">tree</field>
            <field name="arch" type="xml">
                <field name="unit_amount" sum="Total quantity" on_change="on_change_unit_amount(product_id, unit_amount, product_uom_id)" position="after">
                    <field name="activity" />
                </field>
            </field>
        </record>
        
        
        #---------------------------------------------------------------------------------------------------------
        #  Menu and act_windows Activity AL
        #---------------------------------------------------------------------------------------------------------
        <record model="ir.actions.act_window" id="action_activity_list">
            <field name="name">project.activity_al</field>
            <field name="type">ir.actions.act_window</field>
            <field name="res_model">project.activity_al</field>
            <field name="view_type">form</field>
            <field name="view_mode">tree,form</field>
            <field name="view_id" ref="view_activity_al_list"/>
        </record>
        <record model="ir.actions.act_window" id="action_activity_form">
            <field name="name">project.activity_al</field>
            <field name="type">ir.actions.act_window</field>
            <field name="res_model">project.activity_al</field>
            <field name="view_type">form</field>
            <field name="view_id" ref="view_activity_al_form"/>
        </record>
        <record model="ir.actions.act_window" id="action_activity_tree">
            <field name="name">Activity tree</field>
            <field name="type">ir.actions.act_window</field>
            <field name="res_model">project.activity_al</field>
            <field name="domain">[('parent_id','=',False)]</field>
            <field name="view_type">tree</field>
            <field name="view_id" ref="view_activity_al_tree"/>
        </record>
        <menuitem name="Project Management/Configuration/Project activity/Project activity" id="menu_activity_al" action="action_activity_list"/>
        <menuitem name="Project Management/Configuration/Project activity/Activity tree" id="menu_activity_al_tree" action="action_activity_tree"/>
        <menuitem name="Project Management/Configuration/Project activity/Edit Project activity" id="menu_activity_al_form" action="action_activity_form"/>
    </data>
</openerp>