<?xml version="1.0"?>
<openerp>
	<data>

		<record id="view_product_sale_service_form" model="ir.ui.view">
			<field name="name">product.template.form.inherit.service</field>
			<field name="model">product.product</field>
			<field name="inherit_id" ref="stock.view_normal_procurement_locations_form" />
			<field name="arch" type="xml">
				<xpath expr="//group[@string='Sale Conditions']" position="inside">
					<label for="service_after_sales" />
					<div>
						<field name="service_after_sales" />
					</div>
				</xpath>
			</field>
		</record>

		<record id="sale_service_account_analytic_account_form" model="ir.ui.view">
			<field name="name">sale.service.account.analytic.account.form.inherit
			</field>
			<field name="model">account.analytic.account</field>
			<field name="inherit_id" ref="analytic.view_account_analytic_account_form" />
			<field eval="40" name="priority" />
			<field name="arch" type="xml">
				<xpath expr='//page[@string="Contract Information"]' position="after"
					version="7.0">
					<page string="Extra Information" name="extra_page">
						<group>
							<label for="sale_id" />
							<div>
								<field name="sale_id" />
							</div>
							<label for="delivery_id" />
							<div>
								<field name="delivery_id" />
							</div>
						</group>
					</page>
				</xpath>
			</field>
		</record>

		<record id="view_production_lot_sale_service_tree" model="ir.ui.view">
			<field name="name">product.lot.service.inherit</field>
			<field name="model">stock.production.lot</field>
			<field name="inherit_id" ref="stock.view_production_lot_tree" />
			<field name="arch" type="xml">
				<xpath expr="//field[@name='stock_available']" position="after">
					<field name="contract_id" />
				</xpath>
			</field>
		</record>

		<record id="view_production_lot_sale_service_form" model="ir.ui.view">
			<field name="name">product.lot.service.form.inherit</field>
			<field name="model">stock.production.lot</field>
			<field name="inherit_id" ref="stock.view_production_lot_form" />
			<field name="arch" type="xml">
				<xpath expr="//field[@name='stock_available']" position="after">
					<field name="contract_id" />
				</xpath>
			</field>
		</record>

		<record id="view_production_lot_sale_service_filter" model="ir.ui.view">
			<field name="name">product.lot.service.filter.inherit</field>
			<field name="model">stock.production.lot</field>
			<field name="inherit_id" ref="stock.search_product_lot_filter" />
			<field name="arch" type="xml">
				<xpath expr="//field[@name='date']" position="after">
					<field name="contract_id" />
				</xpath>
			</field>
		</record>

	</data>
</openerp>