<?xml version="1.0" encoding="UTF-8"?>
<openerp>
    <data>
        <menuitem id="menu_op_library_root" name="Library" sequence="90"
            groups="group_op_library,openeducat_core.group_op_back_office_admin,openeducat_core.group_op_back_office,openeducat_core.group_op_faculty,openeducat_core.group_op_student"
            web_icon="openeducat_library,static/description/icon.png" />


        <menuitem id="menu_op_dashboard_librarian" name="Dashboard"
            groups="group_op_library,openeducat_core.group_op_back_office_admin,openeducat_core.group_op_back_office"
            parent="menu_op_library_root" sequence="10" action="open_board_libray" />


        <menuitem id="menu_library_books" name="Books"
            parent="menu_op_library_root" sequence="20"
            groups="group_op_library,openeducat_core.group_op_back_office_admin,openeducat_core.group_op_back_office,openeducat_core.group_op_faculty,openeducat_core.group_op_student" />

        <menuitem id="menu_op_sub_book_library" name="Books"
            parent="menu_library_books" sequence="10" action="act_open_op_book_view" />

        <menuitem id="menu_op_book_unit_library" name="Books Units"
            parent="menu_library_books" sequence="20" action="act_open_book_unit_view"
            groups="group_op_library,openeducat_core.group_op_back_office,openeducat_core.group_op_back_office_admin" />

        <menuitem id="menu_op_book_movement_library" name="Book Movements"
            parent="menu_library_books" sequence="30" action="act_open_op_book_movement_view"
            groups="group_op_library,openeducat_core.group_op_back_office,openeducat_core.group_op_back_office_admin" />

        <menuitem id="menu_op_book_queue_request_library_sub" name="Book Queue Requests"
            parent="menu_library_books" sequence="40" action="act_open_op_book_queue_view" />

        <menuitem id="menu_op_book_request_library_sub" name="Book Purchase Requests"
            parent="menu_library_books" sequence="50" action="act_open_op_purchase_view" />


        <menuitem id="menu_op_school_library_config" name="Configuration"
            parent="menu_op_library_root" sequence="20"
            groups="openeducat_core.group_op_back_office,openeducat_library.group_op_library,openeducat_core.group_op_back_office_admin" />

        <menuitem id="menu_op_library_card_type_sub" name="Library Card Types"
            parent="menu_op_school_library_config" sequence="10"
            action="act_open_op_library_card_type_view"
            groups="openeducat_core.group_op_back_office,openeducat_core.group_op_back_office_admin" />
        <menuitem id="menu_op_library_card_sub" name="Library Cards"
            parent="menu_op_school_library_config" sequence="20"
            action="act_open_op_library_card_view"
            groups="openeducat_core.group_op_back_office,openeducat_core.group_op_back_office_admin" />
        <menuitem id="menu_op_publisher_sub" name="Publishers"
            parent="menu_op_school_library_config" sequence="30"
            action="act_open_op_publisher_view"
            groups="group_op_library,openeducat_core.group_op_back_office,openeducat_core.group_op_back_office_admin" />
        <menuitem id="menu_op_author_sub" name="Authors"
            parent="menu_op_school_library_config" sequence="40"
            action="act_open_op_author_view"
            groups="group_op_library,openeducat_core.group_op_back_office,openeducat_core.group_op_back_office_admin" />
        <menuitem id="menu_op_tag_sub" name="Tags"
            parent="menu_op_school_library_config" sequence="50"
            action="act_open_op_tag_view"
            groups="group_op_library,openeducat_core.group_op_back_office,openeducat_core.group_op_back_office_admin" />
    </data>
</openerp>