<?xml version="1.0" encoding="utf-8"?>
<openerp>
    <data>
    
   		<record id="view_order_form" model="ir.ui.view">
            <field name="name">sale.order.form.packing</field>
            <field name="inherit_id" ref="sale.view_order_form"/>
            <field name="model">sale.order</field>
            <field name="arch" type="xml">
            	<xpath expr="//notebook//page[@string='Order Lines']//field[@name='price_unit']" position="after">
                    <field name="packaging_cost"/>
                </xpath>
                <xpath expr="/form/sheet/notebook/page/field[@name='order_line']/tree/field[@name='price_unit']" position="after">
                	<field name="packaging_cost"/>
                </xpath>
           </field> 
        </record>

        <!-- Sale Order Form View -->
        <record id="view_sale_order_packing_form" model="ir.ui.view">
            <field name="name">sale.order.packing.form</field>
            <field name="model">sale.order</field>
            <field name="inherit_id" ref="sale.view_order_form"/>
            <field name="arch" type="xml">
                <field name="amount_tax" position="after">
                    <field name="amount_packing" widget='monetary' options="{'currency_field': 'currency_id'}"/>
                    <field name="round_off" widget="monetary"  options="{'currency_field': 'currency_id'}"
                        groups="l10n_in_base.group_round_off_sale_config"/>
                </field>
            </field>
        </record>

    </data>
</openerp>
