<?xml version="1.0" encoding="UTF-8"?>
<openerp>
    <data>

    <record model="ir.ui.view" id="view_partner_person_form">
      <field name="name">res.partner.form.parent_company</field>
      <field name="model">res.partner</field>
      <field name="inherit_id" ref="base.view_partner_form"/>
      <field name="priority" eval="20"/>
      <field name="arch" type="xml">
      <field name="name" position="replace">
          
          <field name="salutation_id" attrs="{'invisible':[('is_company','=','1')]}" options='{"quick_create": false}'/>
          <field name="salutation_partner_id" attrs="{'invisible':[('is_company','=','1')]}" options='{"quick_create": false}'/>
          <field name="title_prefix_id" attrs="{'invisible':[('is_company','=','1')]}" domain="[('domain', '=', 'contact')]" options='{"quick_create": false}'/>
          <field name="first_name" attrs="{'invisible':[('is_company','=','1')]}"/>
          <field name="middle_name" attrs="{'invisible':[('is_company','=','1')]}"/>
          <field name="name_prefix_id" attrs="{'invisible':[('is_company','=','1')]}" options='{"quick_create": false}'/>
          <field name="last_name"/>
          <field name="title_postfix_id" attrs="{'invisible':[('is_company','=','1')]}" domain="[('domain', '=', 'contact')]" options='{"quick_create": false}'/>
          <field name="name" colspan="6" />
          <field name="full_name" colspan="6" attrs="{'invisible':[('is_company','=','1')]}"/>
          
      </field> 
      </field> 
      
   </record>

   </data>
</openerp>
