<?xml version="1.0" encoding="UTF-8"?>
<openerp>
  <data>
    <!--
==============================================
Budget Produktion 
==============================================
-->
    <record model="ir.ui.view" id="chricar_budget_production_tree">
      <field name="name">chricar.budget.production.list</field>
      <field name="model">chricar.budget.production</field>
      <field name="priority">1</field>
      <field name="type">tree</field>
      <field name="arch" type="xml">
        <tree string="Budget Products" editable="bottom">
          <field name="fiscalyear_id"/>
          <field name="name" />
        </tree>
      </field>
    </record>
    <record model="ir.ui.view" id="chricar_budget_production_form">
      <field name="name">chricar.budget.production.form</field>
      <field name="model">chricar.budget.production</field>
      <field name="priority">1</field>
      <field name="type">form</field>
      <field name="arch" type="xml">
        <form string="Budget Products" >
          <field name="fiscalyear_id"/>
          <field name="name" />
          <field name="budget_version_ids"  nolabel="1" colspan="4">
            <tree string="Budget Version" editable="bottom">
              <field name="name" />
<!--
              <field name="is_current" />
-->
              <field name="budget_id" />
            </tree>
            <form string="Budget Versions">
              <field name="name" />
<!--
              <field name="is_current" />
-->
              <field name="budget_id"  readonly="1"/>
            </form>
          </field>
        </form>
      </field>
    </record>
    <record model="ir.actions.act_window" id="chricar_budget_production">
      <field name="res_model">chricar.budget.production</field>
      <field name="name">Budget Production</field>
      <field name="view_type">form</field>
      <field name="view_mode">tree,form</field>
    </record>
    <menuitem
      action="chricar_budget_production"
      id="menu_chricar_budget_production_list"
      parent="c2c_budget_chricar.menu_budget_c2c"
      sequence="150"/>
    <!--
==============================================
Budget Products (budget > budget)
generated 2009-08-18 23:44:30+02
==============================================
-->
    <record model="ir.ui.view" id="chricar_budget_form">
      <field name="name">chricar.budget.form</field>
      <field name="model">chricar.budget</field>
      <field name="priority">1</field>
      <field name="type">form</field>
      <field name="arch" type="xml">
        <form string="Budget Products">
          <group colspan="4">
            <field
              colspan="4"
              domain="[('supply_method' ,'=', 'produce')]"
              name="product_id"
              on_change="product_id_change(product_id)"
              />
          </group>
          <group string="Accounting" colspan="2" col="4">
            <field name="surface" />
            <field name="date_cultivation"/>
            <field name="yield_qty" />
            <field name="harvest_period_id"/>
            <field name="sale_from"/>
            <field name="sale_to"/>
            <field name="product_qty" />
            <field name="product_uom"/>
            <field name="harvest"/>
            <field name="harvest_soil"/>
            <field name="harvest_net"/>
            <field name="harvest_yield"/>
          <field name="damage_yield"/>
          <field name="damage_rembourse"/>
<group colspan="2" col="4">
            <field name="price" />
            <field name="price_expected" />
</group>
            <field name="price_unit_id" />
            <field name="amount" />
            <field name="yield_sale" />
          </group>
          <group string="Other Info" colspan="2" col="2">
            <!--
                             <field name="partner_id"  />
                             -->
            <field name="budget_version_id" />
            <field name="prod_lot_id"  domain="[('product_id','=',product_id)]" context="{'product_id':product_id}"/>
            <field name="amount_prod_lot"/>
            <field name="surface_unused"/>
            <field name="location_ids" widget="one2many_list" nolabel="1" colspan="2">
              <tree string="Fields" editable="bottom">
                <field
                  domain="[('usage','=','production')]"
                  name="location_id"
                  on_change="on_change_location(location_id,name,surface_location)"
                  />
                <field name="surface_location"  sum="Sum ha"/>
                <field
                  name="name"
                  on_change="on_change_location(location_id,name,surface_location)"
                  
                  sum="Sum ha used"/>
                <field name="harvest" sum="Sum Harvest"/>
                <field name="harvest_yield"/>
                <field name="product_id"/>
                <field name="prodlot_id"  domain="[('product_id','=',product_id)]" context="{'product_id':product_id}"/>
              </tree>
              <form string="Fields">
                <field
                  domain="[('usage','=','production')]"
                  name="location_id"
                  on_change="on_change_location(location_id,name,surface_location)"
                  />
                <field name="surface_location" />
                <field
                  name="name"
                  on_change="on_change_location(location_id,name,surface_location)"
                  />
                <field name="harvest"/>
                <field name="harvest_yield"/>
                <field name="product_id"/>
                <field name="prodlot_id"  domain="[('product_id','=',product_id)]" context="{'product_id':product_id}"/>
              </form>
            </field>
            <!--
            <separator string="Notes" colspan="2"/>
            <field name="name"  nolabel="1" colspan="2"/>
            -->
          </group>
          <notebook colspan="4">
            <!--
            <page string="invisible" invisible="1"/>
            -->
            <page string="Notes">
              <field name="name"  nolabel="1" colspan="4"/>
            </page>
          </notebook>
        </form>
      </field>
    </record>
    <record model="ir.ui.view" id="chricar_budget_list">
      <field name="name">chricar.budget.list</field>
      <field name="model">chricar.budget</field>
      <field name="priority">1</field>
      <field name="type">tree</field>
      <field name="arch" type="xml">
        <tree string="Budget Products" editable="bottom" colors="red:harvest_yield_diff&lt;0.0">
          <field name="budget_version_id" />
          <field name="date_cultivation"/>
          <field name="sale_from"/>
          <field name="sale_to"/>
          <field
            domain="[('supply_method' ,'=', 'produce')]"
            name="product_id"
            on_change="product_id_change(product_id)"
            />
          <field name="product_uom"/>
          <field name="surface"  sum="Sum Surface"/>
          <field name="surface_unused"  sum="Sum Surface"/>
          <field name="yield_qty" />
          <field name="product_qty"  sum="Sum Quantity"/>
          <field name="product_qty_lot"  sum="Sum On Lot"/>
          <field name="product_qty_stock"  sum="Sum On Stock"/>
          <field name="harvest" sum="Sum Harvest"/>
          <field name="harvest_yield"/>
          <field name="harvest_soil"/>
          <field name="harvest_net" sum="Sum Harvest Net"/>
          <field name="harvest_yield_diff"/>
          <field name="damage_yield"/>
          <field name="damage_rembourse" sum="Sum Damage Rembourse"/>
          <field name="price" />
          <field name="price_unit_id" />
          <field name="amount"  sum="Sum Amount"/>
          <field name="amount_prod_lot"  sum="Sum Prod Lot"/>
          <field name="price_expected" />
          <field name="amount_qty_lot"  sum="Sum Uninvoiced Value"/>
          <field name="amount_qty_stock"  sum="Sum Stock Value"/>
          <field name="yield_sale" />
          <!--
                             <field name="partner_id"  />
                             <field name="name"  />
                             -->
        </tree>
      </field>
    </record>
    <record model="ir.actions.act_window" id="chricar_budget_act1">
      <field name="name">Budget Products</field>
      <field name="res_model">chricar.budget</field>
      <field name="view_type">form</field>
      <field name="view_mode">tree,form</field>
      <field name="view_id" ref="chricar_budget_list"/>
    </record>
    <record model="ir.actions.act_window.view" id="chricar_budget_act1_view2">
      <field name="sequence" eval="1"/>
      <field name="view_mode">tree</field>
      <field name="view_id" ref="chricar_budget_list"/>
      <field name="act_window_id" ref="chricar_budget_act1"/>
    </record>
    <record model="ir.actions.act_window.view" id="chricar_budget_act1_view1">
      <field name="sequence" eval="2"/>
      <field name="view_mode">form</field>
      <field name="view_id" ref="chricar_budget_form"/>
      <field name="act_window_id" ref="chricar_budget_act1"/>
    </record>
    <menuitem
      action="chricar_budget_act1"
      id="menu_chricar_budget_list"
      parent="c2c_budget_chricar.menu_budget_c2c"
      sequence="150"/>
<!--
==============================================
Modification of Parents
==============================================
-->
    <act_window
      domain="[('budget_version_id', '=', active_id)]"
      id="act_budget_version_2_product_plan"
      name="Product Budget"
      res_model="chricar.budget"
      src_model="c2c_budget.version"
      view_mode="tree,form"
      view_type="form"/>
    <act_window
      domain="[('product_id', '=', active_id)]"
      id="act_product_2_product_plan"
      name="Product Budget"
      res_model="chricar.budget"
      src_model="product.product"
      view_mode="tree,form"
      view_type="form"/>
    <!-- test to add budget name to tab - does not work-->
    <record id="ir_act_budget_version_product" model="ir.values">
      <field name="key2">tree_but_open</field>
      <field name="model">c2c_budget.version</field>
      <field name="name">Products</field>
      <field eval="'ir.actions.act_window,%d'%act_budget_version_2_product_plan" name="value"/>
      <field eval="True" name="object"/>
    </record>
    <!-- fails with partner_id
       <record model="ir.ui.view" id="view_budget_version_form_product">
            <field name="name">c2c_budget.version.form</field>
            <field name="model">c2c_budget.version</field>
            <field name="inherit_id" ref="c2c_budget.view_budget_version_form"/>
            <field name="arch" type="xml">
                      <page string="Budget Lines" position="before">
                          <page string="Products">
                            <field name="budget_ids" widget="one2many_list" colspan="4" nolabel="1" >
                              <form string="Budget Products">
                                <field name="product_id"  colspan="4" />
                                 <group string="Accounting" colspan="2" col="4">
                                  <field name="surface"  colspan="4"/>
                                  <field name="yield_qty"  colspan="4" />
                                  <field name="product_qty"  />
                                  <field name="product_uom"/>
                                  <field name="price"  colspan="2"/>
                                  <field name="price_unit_id"  colspan="2"/>
                                  <field name="amount"  colspan="4" />
                                  <field name="yield_sale"  colspan="4"/>
                                 </group>
                                 <group string="Other Info" colspan="2" col="2">

                                   <field name="name"  />
                                 </group>
                                 <notebook colspan="4">
                                 <page string="invisible" invisible="1"/>

                                 </notebook>
                             </form>
                             <tree string="Budget Products" editable="bottom">
                               <field name="product_id"  />
                               <field name="product_uom"/>
                               <field name="surface"  sum="Sum Surface"/>
                               <field name="yield_qty"  />
                               <field name="product_qty"  sum="Sum Quantity"/>
                               <field name="price"  />
                               <field name="price_unit_id"  />
                               <field name="amount"  sum="Sum Amount"/>
                               <field name="yield_sale"  />

                               <field name="name"  />

                            </tree>
                           </field>
                          </page>
                        </page>
           </field>
        </record>

        -->
  </data>
</openerp>
