<?xml version="1.0" encoding="utf-8"?>
<openerp>
    <data>

        <record model='ir.ui.view' id="view_res_partner_inherit_form">
            <field name='name'>res.partner.form.inherit</field>
            <field name='model'>res.partner</field>
            <field name='inherit_id' ref='base.view_partner_form'/>
            <field name='arch' type='xml'>
                <data>
                    <field name="city" position="attributes">
                        <attribute name="invisible">1</attribute>
                    </field>
                    <field name="state_id" position="before">
                         <field name='city_id' placeholder="City" style="width: 40%%" attrs="{'readonly': [('use_parent_address','=',True)]}" on_change="onchange_city(city_id)"/>
                    </field>
                </data>
            </field>
        </record>

    </data>
</openerp>
