<?xml version="1.0" encoding="utf-8"?>
<openerp>
	<data>

		<!-- Base Config Settings Form View -->
		<record id="view_indian_base_configuration" model="ir.ui.view">
			<field name="name">indian.base.settings</field>
			<field name="model">indian.base.config.settings</field>
			<field name="arch" type="xml">
				<form string="Configure" class="oe_form_configuration" version="7.0">
					<header>
						<button string="Apply" type="object" name="execute" class="oe_highlight" />
						or
						<button string="Cancel" type="object" name="cancel" class="oe_link" />
					</header>

					<separator string="Indian Localization" />
					<div>
						<p>
							<label
								string="Allows you to configure options related to products, sales, purchase, warehouse and finance for your business according to indian localization. You may also find some tools that makes your life easier while workign with OpenERP." />
						</p>
					</div>
					<separator string="Products" />
					<group>
						<label for="id" string="Product Features" />
						<div name="warehouse_features">
							<div name='module_product_coding'>
								<field name="module_product_coding" class="oe_inline" />
								<label for="module_product_coding" />
								<field name="default_coding_method" class="oe_inline" />
							</div>
                            <div name='group_major_sub_group_config'>
                                <field name="group_major_sub_group_config" class="oe_inline"/>
                                <label for="group_major_sub_group_config"/>
                            </div>
							<div name='module_product_container'>
								<field name="module_product_container" class="oe_inline" />
								<label for="module_product_container" />
							</div>
						</div>
					</group>

					<separator string="Warehouse" />
					<group>
						<label for="id" string="Warehouse Features" />
						<div name="warehouse_features">
							<div name='module_stock_indent'>
								<field name="module_stock_indent" class="oe_inline" />
								<label for="module_stock_indent" />
							</div>
							<div name='module_stock_gatepass'>
								<field name="module_stock_gatepass" class="oe_inline" />
								<label for="module_stock_gatepass" />
							</div>
						</div>
					</group>

					<group>
						<label for="id" string="Product Tracking" />
						<div name="product_features">
							<div name='module_stock_serial_tracking'>
								<field name="module_stock_serial_tracking" class="oe_inline" />
								<label for="module_stock_serial_tracking" />
							</div>
							<div name='module_product_container_tracking'>
								<field name="module_product_container_tracking" class="oe_inline" />
								<label for="module_product_container_tracking" />
							</div>
						</div>
					</group>

					<group>
						<label for="id" string="Gatepass Extensions" />
						<div name="gatepass_features">
							<div name='module_stock_indent_gatepass'>
								<field name="module_stock_indent_gatepass" class="oe_inline" />
								<label for="module_stock_indent_gatepass" />
							</div>
							<div name='module_stock_sale_gatepass'>
								<field name="module_stock_sale_gatepass" class="oe_inline" />
								<label for="module_stock_sale_gatepass" />
							</div>
						</div>
					</group>

					<group>
						<label for="id" string="Finance Linking" />
						<div name="finalce_linking">
							<div name='module_l10n_in_excise_receipt'>
								<field name="module_l10n_in_excise_receipt" class="oe_inline" />
								<label for="module_l10n_in_excise_receipt" />
							</div>

							<div name='module_l10n_in_packing_stock_invoice'>
								<field name="module_l10n_in_packing_stock_invoice" class="oe_inline" />
								<label for="module_l10n_in_packing_stock_invoice" />
							</div>

							<div name='module_l10n_in_dealer_discount_stock_invoice'>
								<field name="module_l10n_in_dealer_discount_stock_invoice"
									class="oe_inline" />
								<label for="module_l10n_in_dealer_discount_stock_invoice" />
							</div>
						</div>
					</group>

					<separator string="Sales" />

					<group>
						<label for="id" string="Sales Features" />
						<div name="sale_features">
							<div name='module_quotation_template'>
								<field name="module_quotation_template" class="oe_inline" />
								<label for="module_quotation_template" />
							</div>
							<div name='module_sale_after_service'>
								<field name="module_sale_after_service" class="oe_inline" />
								<label for="module_sale_after_service" />
							</div>

							<div name='group_round_off_sale_config'>
								<field name="group_round_off_sale_config" class="oe_inline" />
								<label for="group_round_off_sale_config" />
							</div>

							<div name='module_l10n_in_dealers_discount'>
								<field name="module_l10n_in_dealers_discount" class="oe_inline" />
								<label for="module_l10n_in_dealers_discount" />
							</div>
						</div>
					</group>

					<group>
						<label for="id" string="Other Costs" />
						<div name="sale_other_features">
							<div name='module_l10n_in_sales_packing'>
								<field name="module_l10n_in_sales_packing" class="oe_inline" />
								<label for="module_l10n_in_sales_packing" />
							</div>

							<div name='group_dealer_price_on_sale_config'>
								<field name="group_dealer_price_on_sale_config" class="oe_inline" />
								<label for="group_dealer_price_on_sale_config" />
							</div>
						</div>
					</group>


					<separator string="Purchase" />

					<group>
						<label for="id" string="Purchase Features" />
						<div name="purchase_features">
							<div name='module_purchase_crm'>
								<field name="module_purchase_crm" class="oe_inline" />
								<label for="module_purchase_crm" />
							</div>
							
							<div name='module_l10n_in_purchase'>
								<field name="module_l10n_in_purchase" class="oe_inline" />
								<label for="module_l10n_in_purchase" />
							</div>

							<div name='group_discount_purchase_config'
								attrs="{'invisible':[('module_l10n_in_purchase','=',False)]}">
								<field name="group_discount_purchase_config" class="oe_inline" />
								<label for="group_discount_purchase_config" />
							</div>

							<div name='group_round_off_purchase_config'
								attrs="{'invisible':[('module_l10n_in_purchase','=',False)]}">
								<field name="group_round_off_purchase_config" class="oe_inline" />
								<label for="group_round_off_purchase_config" />
							</div>
						</div>
					</group>
					<group>
						<label for="id" string="Other Costs"
							attrs="{'invisible':[('module_l10n_in_purchase','=',False)]}" />
						<div name="purchase_features"
							attrs="{'invisible':[('module_l10n_in_purchase','=',False)]}">
							<div name='group_packing_config'>
								<field name="group_packing_config" class="oe_inline" />
								<label for="group_packing_config" />
							</div>
							<div name='group_freight_config'>
								<field name="group_freight_config" class="oe_inline" />
								<label for="group_freight_config" />
							</div>

							<div name='group_insurance_config'>
								<field name="group_insurance_config" class="oe_inline" />
								<label for="group_insurance_config" />
							</div>
						</div>
					</group>


					<separator string="Finance" />

					<group>
						<label for="id" string="Finance Feature" />
						<div name="finance_features">
							<div name='module_l10n_in_invoice_adjust'>
								<field name="module_l10n_in_invoice_adjust" class="oe_inline" />
								<label for="module_l10n_in_invoice_adjust" />
							</div>

							<div name='module_l10n_in_account_tax'>
								<field name="module_l10n_in_account_tax" class="oe_inline" />
								<label for="module_l10n_in_account_tax" />
							</div>
							
							<div name='group_inter_state_tax_config'>
								<field name="group_inter_state_tax_config" class="oe_inline" />
								<label for="group_inter_state_tax_config" />
							</div>
						</div>
					</group>
					
					<group>
						<label for="id" string="Sales Features" />
						<div name="sales_invoice_features">
							<div name='module_l10n_in_dealer_discount_invoice'>
								<field name="module_l10n_in_dealer_discount_invoice" class="oe_inline" />
								<label for="module_l10n_in_dealer_discount_invoice" />
								<span class="oe_grey">Manage without Sale Order</span>
							</div>
							<div name='module_l10n_in_packing_invoice'>
								<field name="module_l10n_in_packing_invoice" class="oe_inline" />
								<label for="module_l10n_in_packing_invoice" />
								<span class="oe_grey">Manage without Sale Order</span>
							</div>
						</div>
					</group>
					
					<group>
						<label for="id" string="Invoice Printing" />
						<div name="finance_invoice_features">
							<div name='module_l10n_in_tax_retail_invoice'>
								<field name="module_l10n_in_tax_retail_invoice" class="oe_inline" />
								<label for="module_l10n_in_tax_retail_invoice" />
								<span class="oe_grey">Original, Duplicate, Triplicate and Extra Copy</span>
							</div>
							<div name='module_l10n_in_excise_invoice'>
								<field name="module_l10n_in_excise_invoice" class="oe_inline" />
								<label for="module_l10n_in_excise_invoice" />
								<span class="oe_grey">Original for Buyer, Duplicate for Transporter, Triplicate for Assessee and Extra Copy not for CENVAT</span>
							</div>
							<div name='group_invoice_types_config'>
								<field name="group_invoice_types_config" class="oe_inline" />
								<label for="group_invoice_types_config" />
							</div>
						</div>
					</group>

					<group>
						<label for="id" string="Tax Configuration"
							attrs="{'invisible':[('module_l10n_in_account_tax','=',False)]}" />
						<div name="tax_features"
							attrs="{'invisible':[('module_l10n_in_account_tax','=',False)]}">
							<div name='group_tin_config'>
								<field name="group_tin_config" class="oe_inline" />
								<label for="group_tin_config" />
							</div>

							<div name='group_cst_config'>
								<field name="group_cst_config" class="oe_inline" />
								<label for="group_cst_config" />
							</div>

							<div name='group_excise_config'>
								<field name="group_excise_config" class="oe_inline" />
								<label for="group_excise_config" />
							</div>

							<div name='group_service_config'>
								<field name="group_service_config" class="oe_inline" />
								<label for="group_service_config" />
							</div>
						</div>
					</group>

					<separator string="Tools" />
					<group>
						<label for="id" string="Web Tools" />
						<div name="web_features">
							<div name='module_web_group_expand'>
								<field name="module_web_group_expand" class="oe_inline" />
								<label for="module_web_group_expand" />
							</div>

							<div name='module_attachment_size_limit'>
								<field name="module_attachment_size_limit" class="oe_inline" />
								<label for="module_attachment_size_limit" />
							</div>
						</div>
					</group>

				</form>
			</field>
		</record>

		<!-- Base Config Settings Action -->
		<record id="action_indian_base_configuration" model="ir.actions.act_window">
			<field name="name">Configure</field>
			<field name="type">ir.actions.act_window</field>
			<field name="res_model">indian.base.config.settings</field>
			<field name="view_mode">form</field>
			<field name="target">inline</field>
		</record>

		<!-- Base Config Settings Menu -->
		<menuitem id="menu_indian_base_configuration" action="action_indian_base_configuration"
			name="Indian Localization" parent="base.menu_config" sequence="100" />

	</data>
</openerp>
