<?xml version='1.0' encoding='utf-8'?>
<openerp>
    <data>
        <record id="mrp_subproduction_form" model="ir.ui.view">
        <field name="name">mrp.subproduction.form</field>
            <field name="model">mrp.production</field>
            <field name="inherit_id" ref="mrp.mrp_production_form_view"/>
            <field name="arch" type="xml">
            <xpath expr="//page[@string='Extra Information']" position="after">
                <page string="Related orders">
                    <separator string="Subproductions" colspan="4"/>
                    <field colspan="4" name="subproduction_ids" nolabel="1" widget="many2many_list" mode="tree,form" context="{'subproduction_parent_id': active_id or False}">
                        <tree string="Subproductions">
                        <field name="name"/>
                        <field name="date_planned"/>
                        <field name="product_id"/>
                        <field name="product_qty"/>
                        <field name="product_uom"/>
                        <field name="product_subproduction_qty_line_real"/>
                        <field name="product_subproduction_qty_line_planned"/>
                        </tree>
                    </field>
                    <newline/>
                    <field name="product_subproduction_qty_real"/>
                    <field name="product_subproduction_qty_planned"/>
                    <newline/>
                    <separator string="Superproductions" colspan="4"/>
                    <field name="superproduction_ids" nolabel="1" colspan="4">
                        <tree string="Superproductions">
                            <field name="name"/>
                            <field name="date_planned"/>
                            <field name="product_id"/>
                            <field name="product_qty"/>
                            <field name="product_uom"/>
                            <field name="product_superproduction_qty_consumed"/>
                        </tree>
                    </field>
                </page>
            </xpath>
            </field>
        </record>
    </data>
</openerp>
