<?xml version="1.0" encoding="UTF-8"?>
<openerp>
  <data>
    <!-- location -->
    <record model="ir.ui.view" id="view_stock_location_product_zero">
      <field name="name">view_stock_location_product_zero.view</field>
      <field name="model">stock.location.product</field>
      <field name="inherit_id" ref="stock.view_stock_location_product"/>
      <field name="type">tree</field>
      <field name="arch" type="xml">
        <field name="to_date" position="after">
          <newline/>
          <field name="display_with_zero_qty" colspan="4"/>
        </field>
      </field>
    </record>
    <record id="view_inventory_line_calc_form" model="ir.ui.view">
        <field name="name">stock.inventory.line.calc.form</field>
        <field name="model">stock.inventory.line</field>
        <field name="inherit_id" ref="stock.view_inventory_line_form"/>
        <field name="type">form</field>
        <field name="arch" type="xml">
            <field name="product_qty" position="after">
                <field name="product_qty_calc"/>
            </field>
        </field>
    </record>
    <record id="stock_inventory_line_calc_tree" model="ir.ui.view">
        <field name="name">stock.inventory.line.calc.tree</field>
        <field name="model">stock.inventory.line</field>
        <field name="inherit_id" ref="stock.stock_inventory_line_tree"/>
        <field name="type">tree</field>
        <field name="arch" type="xml">
            <field name="product_qty" position="after">
                <field name="product_qty_calc"/>
            </field>
        </field>
    </record>
    <record id="view_inventory_calc_form" model="ir.ui.view">
        <field name="name">stock.inventory.calc.form</field>
        <field name="model">stock.inventory</field>
        <field name="inherit_id" ref="stock.view_inventory_form"/>
        <field name="type">form</field>
        <field name="arch" type="xml">
            <field name="product_qty" position="after">
                <field name="product_qty_calc"/>
            </field>
        </field>
    </record>
    
            
  </data>
</openerp>
