<?xml version="1.0" encoding="utf-8"?>

<openerp>
    <data noupdate="1">

        <record id="module_category_school" model="ir.module.category">
            <field name="name">School Management</field>
            <field name="sequence">22</field>
        </record>

        <record id="group_school_administration" model="res.groups">
            <field name="name">School Administrator</field>
            <field name="category_id" ref="module_category_school"/>
        </record>

        <record id="group_school_teacher" model="res.groups">
            <field name="name">School Teacher</field>
            <field name="category_id" ref="module_category_school"/>
        </record>

        <record id="group_school_student" model="res.groups">
            <field name="name">School Student</field>
            <field name="category_id" ref="module_category_school"/>
        </record>

        <record id="group_school_parent" model="res.groups">
            <field name="name">Student Parent</field>
            <field name="category_id" ref="module_category_school"/>
        </record>

        <!-- Rule For Creating Personal School Record As A Teacher, Student & Parent-->

        <record id="rule_personal_school_record" model="ir.rule">
            <field name="name">Rule Personal School Record</field>
            <field name="model_id" ref="model_school_school"/>
            <field name="domain_force">['|','|',('company_id.child_ids', 'child_of', [user.company_id.id]),('company_id', 'child_of', [user.company_id.id]),('company_id', '=', False)]</field>
            <field name="groups" eval="[(4, ref('group_school_teacher')),(4, ref('group_school_student')),(4, ref('group_school_parent'))]"/>
        </record>

        <!-- Rule For Student Profile Record As A Student -->

        <record id="rule_student_profile_record_as_student" model="ir.rule">
            <field name="name">Rule Student Profile Record As A Student</field>
            <field name="model_id" ref="model_student_student"/>
            <field name="global" eval="True"/>
            <field name="domain_force">[('user_id','=',user.id)]</field>
            <field name="groups" eval="[(4, ref('group_school_student'))]"/>
        </record>

        <!-- Rule For Student Profile Record As An Administrator -->

        <record id="rule_student_profile_record_as_admin" model="ir.rule">
            <field name="name">Rule Student Profile Record As An Administrator</field>
            <field name="model_id" ref="model_student_student"/>
            <field name="global" eval="True"/>
            <field name="domain_force"> ['|','|',('cmp_id.child_ids','child_of',[user.company_id.id]),('cmp_id','child_of',[user.company_id.id]),('cmp_id','in',False)]</field>
            <field name="groups" eval="[(4, ref('group_school_administration'))]"/>
        </record>

        <!-- Rule For Student Profile Record As A Teacher -->

        <record id="rule_student_profile_record_as_teacher" model="ir.rule">
            <field name="name">Rule Student Profile Record As A Teacher</field>
            <field name="model_id" ref="model_student_student"/>
            <field name="global" eval="True"/>
            <field name="domain_force"> [('cmp_id.id','in',[user.company_id.id])]</field>
            <field name="groups" eval="[(4, ref('group_school_teacher'))]"/>
        </record>

        <!-- Rule For Student Profile Record As A Parent -->

        <record id="rule_student_profile_record_as_parent" model="ir.rule">
            <field name="name">Rule Student Profile Record As A Parent</field>
            <field name="model_id" ref="model_student_student"/>
            <field name="global" eval="True"/>
            <field name="domain_force"> [('student_id','in',[parent_id.student_ids.id])]</field>
            <field name="groups" eval="[(4, ref('group_school_parent'))]"/>
        </record>

        <!-- Rule For School Standard Record As An Administrator -->

        <record id="rule_school_standard_record_as_admin" model="ir.rule">
            <field name="name">Rule School Standard Record As An Administrator</field>
            <field name="model_id" ref="model_school_standard"/>
            <field name="global" eval="True"/>
            <field name="domain_force"> ['|','|',('cmp_id.child_ids','child_of',[user.company_id.id]),('cmp_id','child_of',[user.company_id.id]),('cmp_id','in',False)]</field>
            <field name="groups" eval="[(4, ref('group_school_administration'))]"/>
        </record>

        <!-- Rule For School Standard Record As A Teacher -->

        <record id="rule_school_standard_record_as_teacher" model="ir.rule">
            <field name="name">Rule School Standard Record As A Teacher</field>
            <field name="model_id" ref="model_school_standard"/>
            <field name="global" eval="True"/>
            <field name="domain_force"> [('cmp_id.id','in',[user.company_id.id])]</field>
            <field name="groups" eval="[(4, ref('group_school_teacher'))]"/>
        </record>

        <!-- Rule For News Update Record As A Student & Teacher -->

        <record id="rule_student_news_update_record" model="ir.rule">
            <field name="name">Rule News Update Record</field>
            <field name="model_id" ref="model_student_news"/>
            <field name="global" eval="True"/>
            <field name="domain_force">[('user_ids.id','=',user.id)]</field>
            <field name="groups" eval="[(4, ref('school.group_school_student')),(4, ref('school.group_school_teacher'))]"/>
        </record>

    </data>
</openerp>