<?xml version='1.0' encoding='UTF-8'?>
<openerp>
    <data noupdate="1">

<!--
        Products
-->

        <record id="product_product_papas0" model="product.product">
            <field name="supply_method">produce</field>
            <field eval="1.0" name="list_price"/>
            <field eval="0" name="track_production"/>
            <field eval="1" name="active"/>
            <field name="mes_type">fixed</field>
            <field name="uom_id" ref="product.product_uom_kgm"/>
            <field name="name_template">papas</field>
            <field eval="1.0" name="uos_coeff"/>
            <field eval="1" name="sale_ok"/>
            <field eval="1" name="purchase_ok"/>
            <field eval="0" name="track_outgoing"/>
            <field name="company_id" ref="base.main_company"/>
            <field eval="1.0" name="produce_delay"/>
            <field name="uom_po_id" ref="product.product_uom_kgm"/>
            <field name="type">consu</field>
            <field name="valuation">manual_periodic</field>
            <field eval="0" name="track_incoming"/>
            <field name="property_stock_production" ref="stock.location_production"/>
            <field eval="[(6,0,[])]" name="supplier_taxes_id"/>
            <field name="procure_method">make_to_stock</field>
            <field name="property_stock_inventory" ref="stock.location_inventory"/>
            <field name="cost_method">standard</field>
            <field name="name">papas</field>
            <field eval="7.0" name="sale_delay"/>
            <field eval="1.0" name="price_margin"/>
            <field name="categ_id" ref="product.product_category_all"/>
            <field name="property_stock_procurement" ref="stock.location_procurement"/>
            <field eval="[(6,0,[])]" name="taxes_id"/>
            <field eval="0" name="rental"/>
        </record>

        <record id="product_product_papasfritas0" model="product.product">
            <field name="supply_method">buy</field>
            <field eval="1.0" name="list_price"/>
            <field eval="1" name="track_production"/>
            <field eval="1" name="active"/>
            <field name="mes_type">fixed</field>
            <field name="uom_id" ref="product.product_uom_unit"/>
            <field name="name_template">Papas Fritas</field>
            <field eval="1.0" name="uos_coeff"/>
            <field eval="1" name="sale_ok"/>
            <field eval="1" name="purchase_ok"/>
            <field eval="1" name="track_outgoing"/>
            <field name="company_id" ref="base.main_company"/>
            <field eval="1.0" name="produce_delay"/>
            <field name="uom_po_id" ref="product.product_uom_unit"/>
            <field name="type">consu</field>
            <field name="valuation">manual_periodic</field>
            <field eval="1" name="track_incoming"/>
            <field name="property_stock_production" ref="stock.location_production"/>
            <field eval="[(6,0,[])]" name="supplier_taxes_id"/>
            <field name="procure_method">make_to_stock</field>
            <field name="property_stock_inventory" ref="stock.location_inventory"/>
            <field name="cost_method">standard</field>
            <field name="name">Papas Fritas</field>
            <field eval="7.0" name="sale_delay"/>
            <field eval="1.0" name="price_margin"/>
            <field name="categ_id" ref="product.product_category_all"/>
            <field name="property_stock_procurement" ref="stock.location_procurement"/>
            <field eval="[(6,0,[])]" name="taxes_id"/>
            <field eval="0" name="rental"/>
        </record>

<!--
ROUTINGS
-->

    <record id="mrp_routing_papasfritas0" model="mrp.routing">
        <field name="name">Papas Fritas</field>
        <field name="company_id" ref="base.main_company"/>
        <field eval="1" name="active"/>
    </record>

<!--
BOM
-->

        <record id="mrp_bom_papasfritas0" model="mrp.bom">
            <field eval="[(6,0,[])]" name="property_ids"/>
            <field name="name">Papas Fritas</field>
            <field name="product_uom" ref="product.product_uom_unit"/>
            <field name="company_id" ref="base.main_company"/>
            <field eval="1" name="active"/>
            <field model="mrp.routing" name="routing_id" search="[('name', '=', u'Papas Fritas')]"/>
            <field model="product.product" name="product_id" search="[('name', '=', u'Papas Fritas')]"/>
            <field eval="1.0" name="product_qty"/>
            <field eval="1.0" name="product_efficiency"/>
            <field name="type">normal</field>
        </record>

        <record id="mrp_bom_papas0" model="mrp.bom">
            <field eval="[(6,0,[])]" name="property_ids"/>
            <field name="name">papas</field>
            <field name="product_uom" ref="product.product_uom_kgm"/>
            <field name="company_id" ref="base.main_company"/>
            <field eval="1" name="active"/>
            <field model="product.product" name="product_id" search="[('name', '=', u'papas')]"/>
            <field eval="1.0" name="product_qty"/>
            <field eval="1.0" name="product_efficiency"/>
            <field name="type">normal</field>
            <field model="mrp.bom" name="bom_id" search="[('name', '=', u'Papas Fritas')]"/>
            <!--        <field name="bom_id" ref="mrp_bom_papasfritas0"/> -->
        </record>

<!--
WORKCENTERS AND CAPACITIES
-->

        <record id="mrp_workcenter_lavaplatos0" model="mrp.workcenter">
            <field eval="1.0" name="time_efficiency"/>
            <field name="company_id" ref="base.main_company"/>
            <field eval="1" name="active"/>
            <field eval="1.0" name="capacity_per_cycle"/>
            <field name="name">Lavaplatos</field>
            <field name="resource_type">material</field>
        </record>
        <record id="mrp_workcenter_product_capacity_6" model="mrp.workcenter.product.capacity">
            <field name="uom_id" ref="product.product_uom_kgm"/>
            <field model="mrp.workcenter" name="workcenter_id" search="[('name', '=', u'Lavaplatos')]"/>
            <field model="product.product" name="product_id" search="[('name', '=', u'papas')]"/>
            <field eval="40.0" name="qty"/>
        </record>


        <record id="mrp_workcenter_boldepelar0" model="mrp.workcenter">
            <field eval="1.0" name="time_efficiency"/>
            <field name="company_id" ref="base.main_company"/>
            <field eval="1" name="active"/>
            <field eval="1.0" name="capacity_per_cycle"/>
            <field name="name">Maquina de Pelar</field>
            <field name="resource_type">material</field>
        </record>
        <record id="mrp_workcenter_product_capacity_7" model="mrp.workcenter.product.capacity">
            <field name="uom_id" ref="product.product_uom_kgm"/>
            <field model="mrp.workcenter" name="workcenter_id" search="[('name', '=', u'Maquina de Pelar')]"/>
            <field model="product.product" name="product_id" search="[('name', '=', u'papas')]"/>
            <field eval="20.0" name="qty"/>
        </record>


        <record id="mrp_workcenter_mesa0" model="mrp.workcenter">
            <field eval="1.0" name="time_efficiency"/>
            <field name="company_id" ref="base.main_company"/>
            <field eval="1" name="active"/>
            <field eval="1.0" name="capacity_per_cycle"/>
            <field name="name">Mesa</field>
            <field name="resource_type">material</field>
        </record>
		<record id="mrp_workcenter_product_capacity_4" model="mrp.workcenter.product.capacity">
			<field name="uom_id" ref="product.product_uom_kgm"/>
			<field model="mrp.workcenter" name="workcenter_id" search="[('name', '=', u'Mesa')]"/>
			<field model="product.product" name="product_id" search="[('name', '=', u'papas')]"/>
			<field eval="300.0" name="qty"/>
		</record>


		<record id="mrp_workcenter_hornilla0" model="mrp.workcenter">
			<field eval="1.0" name="time_efficiency"/>
			<field name="company_id" ref="base.main_company"/>
			<field eval="1" name="active"/>
			<field eval="1.0" name="capacity_per_cycle"/>
			<field name="name">Hornilla</field>
			<field name="resource_type">material</field>
		</record>
		<record id="mrp_workcenter_product_capacity_5" model="mrp.workcenter.product.capacity">
			<field name="uom_id" ref="product.product_uom_kgm"/>
			<field model="mrp.workcenter" name="workcenter_id" search="[('name', '=', u'Hornilla')]"/>
			<field model="product.product" name="product_id" search="[('name', '=', u'papas')]"/>
			<field eval="30.0" name="qty"/>
		</record>

<!--
OPERATIONS AND PRODUCT QUANTITIES
-->

    <record id="mrp_routing_workcenter_ducharpapas0" model="mrp.routing.workcenter">
        <field eval="2.0" name="cycle_nbr"/>
        <field name="name">Limpiar papas</field>
        <field name="company_id" ref="base.main_company"/>
        <field model="mrp.routing" name="routing_id" search="[('name', '=', u'Papas Fritas')]"/>
        <field model="mrp.workcenter" name="workcenter_id" search="[('name', '=', u'Lavaplatos')]"/>
        <field eval="0.166666666667" name="hour_nbr"/>
    </record>
    <record id="mrp_workcenter_operation_product_quantity_3" model="mrp.workcenter.operation.product.quantity">
        <field name="uom_id" ref="product.product_uom_kgm"/>
        <field model="mrp.routing.workcenter" name="operation_id" search="[('name', '=', u'Limpiar papas')]"/>
        <field model="product.product" name="product_id" search="[('name', '=', u'papas')]"/>
        <field eval="1.0" name="qty"/>
    </record>

    <record id="mrp_routing_workcenter_pelarpapas0" model="mrp.routing.workcenter">
        <field eval="1.0" name="cycle_nbr"/>
        <field name="name">Pelar papas</field>
        <field eval="1" name="sequence"/>
        <field name="company_id" ref="base.main_company"/>
        <field model="mrp.routing" name="routing_id" search="[('name', '=', u'Papas Fritas')]"/>
        <field model="mrp.workcenter" name="workcenter_id" search="[('name', '=', u'Maquina de Pelar')]"/>
        <field eval="0.416666666667" name="hour_nbr"/>
    </record>
    <record id="mrp_workcenter_operation_product_quantity_4" model="mrp.workcenter.operation.product.quantity">
        <field name="uom_id" ref="product.product_uom_kgm"/>
        <field model="mrp.routing.workcenter" name="operation_id" search="[('name', '=', u'Pelar papas')]"/>
        <field model="product.product" name="product_id" search="[('name', '=', u'papas')]"/>
        <field eval="1.0" name="qty"/>
    </record>

    <record id="mrp_routing_workcenter_picarpapas0" model="mrp.routing.workcenter">
        <field eval="1.0" name="cycle_nbr"/>
        <field name="name">Picar Papas</field>
        <field eval="2" name="sequence"/>
        <field name="company_id" ref="base.main_company"/>
        <field model="mrp.routing" name="routing_id" search="[('name', '=', u'Papas Fritas')]"/>
        <field model="mrp.workcenter" name="workcenter_id" search="[('name', '=', u'Mesa')]"/>
        <field eval="0.25" name="hour_nbr"/>
    </record>
    <record id="mrp_workcenter_operation_product_quantity_5" model="mrp.workcenter.operation.product.quantity">
        <field name="uom_id" ref="product.product_uom_kgm"/>
        <field model="mrp.routing.workcenter" name="operation_id" search="[('name', '=', u'Picar Papas')]"/>
        <field model="product.product" name="product_id" search="[('name', '=', u'papas')]"/>
        <field eval="1.0" name="qty"/>
    </record>

    <record id="mrp_routing_workcenter_freirpapas0" model="mrp.routing.workcenter">
        <field eval="1.0" name="cycle_nbr"/>
        <field name="name">Freir Papas</field>
        <field eval="3" name="sequence"/>
        <field name="company_id" ref="base.main_company"/>
        <field model="mrp.routing" name="routing_id" search="[('name', '=', u'Papas Fritas')]"/>
        <field model="mrp.workcenter" name="workcenter_id" search="[('name', '=', u'Hornilla')]"/>
    </record>
    <record id="mrp_workcenter_operation_product_quantity_6" model="mrp.workcenter.operation.product.quantity">
        <field name="uom_id" ref="product.product_uom_kgm"/>
        <field model="mrp.routing.workcenter" name="operation_id" search="[('name', '=', u'Freir Papas')]"/>
        <field model="product.product" name="product_id" search="[('name', '=', u'papas')]"/>
        <field eval="1.0" name="qty"/>
    </record>

    </data>

</openerp>
