<?xml version='1.0' encoding='UTF-8'?>
<openerp>
  <data noupdate="1">
    <record model="xml.template" id="xml_template_ebInterfaceV4_0" forcecreate="True">
      <field name="name">ebInterface V4.0</field>
      <field name="schema">http://www.ebinterface.at/schema/4p0/</field>
      <field name="content" type="xml">
        <!-- Language Codes according to ISO 639-2 -->
        <Invoice 
            xmlns="http://www.ebinterface.at/schema/4p0/" 
            xmlns:n1="http://www.ebinterface.at/schema/4p0/" 
            xmlns:xsi="http://www.w3.org/2001/XMLSchema-instance"
            n1:ManualProcessing="true" 
            n1:GeneratingSystem="OpenERP" 
            xsi:schemaLocation="http://www.ebinterface.at/schema/4p0/ http://www.ebinterface.at/schema/4p0/"
            attr-name1="n1:DocumentTitle" attr-eval1="invoice.name" 
            attr-name2="n1:InvoiceCurrency" attr-eval2="invoice.company_id.currency_id.name"
            attr-name3="n1:DocumentType" attr-eval3="'SubsequentDebit'"
            attr-name4="n1:Language" attr-eval4="'ger'">
          <InvoiceNumber text-eval="invoice.number"/>
          <InvoiceDate text-eval="invoice.date_invoice"/>
          <Biller>
            <VATIdentificationNumber text-eval="invoice.company_id.partner_id.vat"/>
            <Address>
              <Name text-eval="invoice.company_id.name"/>
              <Street text-eval="invoice.company_id.street or ''"/>
              <Town text-eval="invoice.company_id.city or''"/>
              <ZIP text-eval="invoice.company_id.zip or ''"/>
              <Country 
                  attr-name="n1:CountryCode" 
                  attr-eval="invoice.company_id.country_id.code"/>
              <Phone text-eval="invoice.company_id.phone or ''"/>
              <Email text-eval="invoice.company_id.email or ''"/>
              <Contact text-eval="invoice.company_id.partner_id.name"/>
            </Address>
          </Biller>
          <InvoiceRecipient>
            <VATIdentificationNumber text-eval="invoice.partner_id.vat if invoice.partner_id.vat else '00000000'"/>
            <BillersInvoiceRecipientID text-eval="invoice.partner_id.ref"/>
            <Address>
              <Name text-eval="invoice.partner_id.name"/>
              <Street text-eval="invoice.address_invoice_id.street or ''"/>
              <Town text-eval="invoice.address_invoice_id.city or''"/>
              <ZIP text-eval="invoice.address_invoice_id.zip or ''"/>
              <Country 
                  attr-name="n1:CountryCode" 
                  attr-eval="invoice.address_invoice_id.country_id.code"/>
            </Address>
          </InvoiceRecipient>
          <Details>
            <ItemList loop-eval="sorted(invoice.invoice_line, key=lambda x: x.name)" var="l">
              <ListLineItem>
                <Description text-eval="l.name"/>
                <Quantity attr-name1="Unit" attr-eval1="l.product_id.uom_id.name" text-eval="l.quantity"/>
                <UnitPrice text-eval="l.price_unit"/>
                <TaxRate>0</TaxRate>
                <LineItemAmount text-eval="l.price_subtotal"/>
              </ListLineItem>
            </ItemList>
          </Details>
          <Tax>
            <VAT loop-eval="[1] if not invoice.tax_line else []" var="tax">
              <TaxExemption text-eval="'Par.19 UStG'"/>
            </VAT>
            <VAT loop-eval="invoice.tax_line if invoice.tax_line else []" var="tax">
              <Item>
                <TaxedAmount text-eval="invoice.amount_untaxed"/>
                <TaxRate attr-name1="TaxCode" attr-eval1="tax.tax_code_id.code" text-eval="int(tax.amount * 100)"/>
                <Amount text-eval="invoice.amount_tax"/>
              </Item>
            </VAT>
          </Tax>
          <TotalGrossAmount text-eval="invoice.amount_total"/>
        </Invoice>      </field>
    </record>
  </data>
</openerp>

