<openerp>
  <data>
    <record id="account_invoice_ebInterface_installer_form" model="ir.ui.view">
      <field name="name">account.invoice.ebInterface.installer.form</field>
      <field name="model">account.invoice.ebinterface.installer</field>
      <field name="type">form</field>
      <field name="inherit_id" ref="base.res_config_installer"/>
      <field name="arch" type="xml">
        <data>
          <form position="attributes">
            <attribute name="string">Add ebInterface to Invoice</attribute>
          </form>
          <separator string="title" position="attributes">
            <attribute name="string">Create an ebInterface to all 'open'/'paid' invoices</attribute>
          </separator>
        </data>
      </field>
    </record>
    <record id="action_account_invoice_ebInterface_installer" model="ir.actions.act_window">
      <field name="name">Add ebInterface to Invoice</field>
      <field name="type">ir.actions.act_window</field>
      <field name="res_model">account.invoice.ebinterface.installer</field>
      <field name="view_id" ref="account_invoice_ebInterface_installer_form"/>
      <field name="view_type">form</field>
      <field name="view_mode">form</field>
      <field name="target">new</field>
    </record>
    <record id="account_invoice_ebInterface_installer_todo" model="ir.actions.todo">
      <field name="action_id" ref="action_account_invoice_ebInterface_installer"/>
      <field name="type">automatic</field>
    </record>
  </data>
</openerp>

