"id","name","model_id:id","group_id:id","perm_read","perm_write","perm_create","perm_unlink"
"access_c2c_budget_item","c2c_budget.item","model_c2c_budget_item","account.group_account_manager",1,1,1,1
"access_c2c_budget","c2c_budget","model_c2c_budget","account.group_account_manager",1,1,1,1
"access_c2c_budget_version","c2c_budget.version","model_c2c_budget_version","account.group_account_manager",1,1,1,1
"access_c2c_budget_line","c2c_budget.line","model_c2c_budget_line","account.group_account_manager",1,1,1,1
"access_c2c_budget_wizard_abstraction","c2c_budget.wizard_abstraction","model_c2c_budget_wizard_abstraction","account.group_account_manager",1,1,1,1
"access_c2c_budget_report_abstraction","c2c_budget.report_abstraction","model_c2c_budget_report_abstraction","account.group_account_manager",1,1,1,1
