<?xml version="1.0" encoding="UTF-8"?>
<openerp>
    <data>
        <!-- Account Invoice Form View -->
        <record id="view_l10n_in_account_invoice_form" model="ir.ui.view">
            <field name="name">account.l10n.in.account.invoice.form</field>
            <field name="model">account.invoice</field>
            <field name="inherit_id" ref="account.invoice_supplier_form"/>
            <field name="arch" type="xml">
                <xpath expr="//group[@class='oe_subtotal_footer oe_right']" position="replace"/>
                <xpath expr="//page[@string='Other Info']/group/group/field[@name='payment_term']" position="replace"/>
                <xpath expr="//page[@string='Invoice']/div[@class='oe_clear']" position='before'>
                    <group>
                        <group>
                            <field name="package_and_forwording" groups="l10n_in_base.group_packing_config"/>
                            <field name="freight" groups="l10n_in_base.group_freight_config"/>
                            <field name="insurance" groups="l10n_in_base.group_insurance_config"/>
                            <field name="delivery_id"/>
                            <field name="payment_term"/>
                        </group>
                        <group class="oe_subtotal_footer oe_right">
                            <field name="amount_untaxed" widget="monetary" options="{'currency_field': 'currency_id'}"/>
                            <div>
                                <label for="amount_tax"/>
                                <button name="button_reset_taxes" states="draft,proforma2"
                                    string="(update)" class="oe_link oe_edit_only"
                                    type="object" help="Recompute taxes and total"/>
                            </div>
                            <field name="amount_tax" nolabel="1" widget="monetary" options="{'currency_field': 'currency_id'}"/>
                            <field name="other_charges"/>
                            <field name="round_off" groups="l10n_in_base.group_round_off_purchase_config"/>
                            <field name="amount_total" class="oe_subtotal_footer_separator" widget="monetary" options="{'currency_field': 'currency_id'}"/>
                            <field name="residual" widget="monetary" options="{'currency_field': 'currency_id'}"/>
                            <field name="reconciled" invisible="1"/>
                        </group>
                    </group>
                </xpath>
            </field>
        </record>
    </data>
</openerp>