<?xml version="1.0" encoding="utf-8"?>
<openerp>
<data noupdate="0">

    <record id="group_manage_contract" model="res.groups">
        <field name="name">Contract Manager</field>
        <field name="category_id" ref="base.module_category_sales_management"/>
        <field name="implied_ids" eval="[(4, ref('base.group_sale_salesman'))]"/>
    </record>

</data>
<data>

    <record model="ir.rule" id="sale_service_user_contracts">
        <field name="name">My Contracts</field>
        <field name="model_id" ref="analytic.model_account_analytic_account"/>
        <field name="domain_force">['|',('manager_id','=',user.id),('manager_id','=',False)]</field>
        <field name="groups" eval="[(4, ref('group_manage_contract'))]"/>
    </record>

</data>
</openerp>
