id,classroom_id:id,facility_id:id,quantity
op_facility_line_1,op_classroom_1,openeducat_facility.op_facility_1,2
op_facility_line_2,op_classroom_1,openeducat_facility.op_facility_2,1
op_facility_line_3,op_classroom_1,openeducat_facility.op_facility_3,1
op_facility_line_4,op_classroom_2,openeducat_facility.op_facility_1,2
op_facility_line_5,op_classroom_2,openeducat_facility.op_facility_2,1
op_facility_line_6,op_classroom_3,openeducat_facility.op_facility_3,1
op_facility_line_7,op_classroom_4,openeducat_facility.op_facility_4,1