<?xml version="1.0" encoding="utf-8"?>
<openerp><data>

<record model="ir.module.category" id="module_category_sessions">
    <field name="name">Sessions</field>
</record>


<record id="group_sessions_user" model="res.groups">
    <field name="name">User</field>
    <field name="category_id" ref="web_sessions_management.module_category_sessions"/>
    <field name="comment">Allows to control own sessions only</field>
</record>

<record model="res.groups" id="base.group_user">
    <field name="implied_ids" eval="[(4, ref('web_sessions_management.group_sessions_user'))]"/>
</record>

<record id="group_sessions_manager" model="res.groups">
    <field name="name">Manager</field>
    <field name="users" eval="[(4, ref('base.user_root'))]"/>
    <field name="implied_ids" eval="[(4, ref('web_sessions_management.group_sessions_user'))]"/>
    <field name="category_id" ref="web_sessions_management.module_category_sessions"/>
</record>

<!-- Rules -->
<record model="ir.rule" id="rule_sessions_user_read_myself">
    <field name="name">hr.employee: edit myself</field>
    <field name="model_id" ref="web_sessions_management.model_ir_sessions"/>
    <field name="domain_force">[('user_id', '=', user.id)]</field>
    <field name="groups" eval="[(4, ref('group_sessions_user'))]"/>
    <field name="perm_read" eval="True"/>
    <field name="perm_write" eval="False"/>
    <field name="perm_create" eval="False"/>
    <field name="perm_unlink" eval="False"/>
    <field name="global" eval="False"/>
</record>


</data>
</openerp>
