<?xml version="1.0" encoding="utf-8"?>
<openerp>
    <data noupdate="1">
    
        <!-- Indent Statement Sequences -->
        <record id="sequence_stock_indent_type" model="ir.sequence.type">
            <field name="name">Indent</field>
            <field name="code">stock.indent</field>
        </record>
        
        <!-- Indent Sequences -->
        <record id="sequence_stock_indent" model="ir.sequence">
            <field name="name">Indent</field>
            <field eval="5" name="padding"/>
            <field name="prefix">%(year)s/</field>
            <field name="code">stock.indent</field>
        </record>
        
    </data>
</openerp>       