<?xml version="1.0" encoding="utf-8"?>
<openerp>
	<data>

		<!-- General structure of a workflow XML file -->
		<record model="workflow" id="wkf_indent">
			<field name="name">workflow.indent</field>
			<field name="osv">indent.indent</field>
			<field name="on_create">True</field>
		</record>

		<!-- Indent Workflow Activities -->
		<record model="workflow.activity" id="act_draft">
			<field name="wkf_id" ref="wkf_indent" />
			<field name="name">activity.draft</field>
			<field name="flow_start">True</field>
		</record>

		<record model="workflow.activity" id="act_waiting_approval">
			<field name="wkf_id" ref="wkf_indent" />
			<field name="name">activity.waiting.approval</field>
			<field name="kind">function</field>
			<field name="action">indent_confirm()</field>
		</record>

		<record model="workflow.activity" id="act_inprogress">
			<field name="wkf_id" ref="wkf_indent" />
			<field name="name">activity.inprogress</field>
			<field name="kind">subflow</field>
			<field name="subflow_id" search="[('name','=','stock.picking.basic')]" />
			<field name="action">action_picking_create()</field>
		</record>

		<record model="workflow.activity" id="act_received">
			<field name="wkf_id" ref="wkf_indent" />
			<field name="name">activity.received</field>
			<field name="flow_stop">True</field>
			<field name="kind">function</field>
			<field name="action">write({'state': 'received'})</field>
		</record>

		<record model="workflow.activity" id="act_reject">
			<field name="wkf_id" ref="wkf_indent" />
			<field name="name">activity.reject</field>
			<field name="flow_stop">True</field>
			<field name="kind">function</field>
			<field name="action">write({'state': 'reject','active':False})</field>
		</record>

		<!-- Indent Workflow Transitions -->
		<record model="workflow.transition" id="trans_draft_waiting_approval">
			<field name="act_from" ref="act_draft" />
			<field name="act_to" ref="act_waiting_approval" />
			<field name="signal">indent_confirm</field>
		</record>

		<record model="workflow.transition" id="trans_waiting_approval_waiting_approval">
			<field name="act_from" ref="act_waiting_approval" />
			<field name="act_to" ref="act_waiting_approval" />
			<field name="signal">indent_waiting_approval</field>
			<field name="condition">not check_approval and not check_reject()</field>
		</record>

		<record model="workflow.transition" id="trans_waiting_approval_inprogress">
			<field name="act_from" ref="act_waiting_approval" />
			<field name="act_to" ref="act_inprogress" />
			<field name="signal">indent_inprogress</field>
			<field name="condition">check_approval()</field>
		</record>

		<record model="workflow.transition" id="trans_waiting_approval_reject">
			<field name="act_from" ref="act_waiting_approval" />
			<field name="act_to" ref="act_reject" />
			<field name="signal">indent_reject</field>
			<field name="condition">check_reject()</field>
		</record>

		<record model="workflow.transition" id="trans_inprogress_reject">
			<field name="act_from" ref="act_inprogress" />
			<field name="act_to" ref="act_reject" />
			<field name="signal">subflow.cancel</field>
		</record>

		<record model="workflow.transition" id="trans_inprogress_received">
			<field name="act_from" ref="act_inprogress" />
			<field name="act_to" ref="act_received" />
			<field name="signal">subflow.done</field>
		</record>

	</data>
</openerp>
