<openerp>
    <data>
        
        <record model="res.groups" id="group_mrp_consume_manager">
            <field name="name">Mrp Consume / Manager</field>
        </record>
        
         <record model="res.groups" id="group_mrp_consume_user">
            <field name="name">Mrp Consume / User</field>
        </record>

         <record model="res.groups" id="group_mrp_button_produce">
            <field name="name">MRP / Button Produce</field>
        </record>

         <record model="res.groups" id="group_mrp_button_consume_produce">
            <field name="name">MRP / Button Consume-Produce</field>
        </record>
        
    </data>
</openerp>