<?xml version="1.0" encoding="utf-8"?>
<openerp>
    <data>

        <record id="view_account_invoice_reference_form" model="ir.ui.view">
            <field name="name">account.invoice.ref.form</field>
            <field name="model">account.invoice</field>
            <field name="inherit_id" ref="account.invoice_form"/>
            <field name="arch" type="xml">
                <field name="date_invoice" position="after">
                   <field name="reference"/>
                </field>
            </field>
        </record>

    </data>
</openerp>
