<?xml version="1.0" encoding="UTF-8"?>
<openerp>
    <data>
        <record id="invoice_form_ext" model="ir.ui.view">
            <field name="name">invoice.form.ext</field>
            <field name="model">account.invoice</field>
            <field name="inherit_id" ref="account.invoice_form"/>
            <field name="arch" type="xml">
            	<data>
                    <button name="invoice_print" position="attributes">
                    	<attribute name="invisible">True</attribute>
                    </button>
                    <button name="invoice_print" string="Print Invoice" position="attributes">
                    	<attribute name="invisible">True</attribute>
                    </button>
				</data>
            </field>
        </record>
	</data>
</openerp>