<?xml version="1.0" encoding="UTF-8"?>
<openerp>
  <data>
    <!--
    ==============================================
    FY Sum Tree
    ==============================================
        -->
    <record id="view_account_chart_sum" model="ir.ui.view">
      <field name="name">account.account.tree.sum</field>
      <field name="model">account.account</field>
      <field name="type">tree</field>
      <field name="field_parent">child_id</field>
      <field name="arch" type="xml">
        <tree colors="blue:type in ('view');black:type in ('other','receivable','payable','consolidation');gray:type in ('closed')" string="Chart of accounts" toolbar="1">
          <field name="code"/>
          <field name="name"/>
          <field name="opening_balance_sum"/>
          <field name="debit_sum"/>
          <field name="credit_sum"/>
          <field name="balance_sum"/>
          <field name="balance_prev_sum"/>
          <field name="company_currency_id"/>
          <field name="company_id" groups="base.group_multi_company"/>
          <field name="type"/>
          <field name="parent_id" invisible="1"/>
        </tree>
      </field>
    </record>
    <record id="action_account_chart_sum" model="ir.actions.act_window">
      <field name="name">Chart of Accounts Sum</field>
      <field name="res_model">account.account</field>
      <field name="view_type">tree</field>
      <field name="view_id" ref="view_account_chart_sum"/>
      <field name="domain">[('parent_id','=',False)]</field>
    </record>
    <!--
    ==============================================
    FY Sums
    ==============================================
-->
    <record model="ir.ui.view" id="view_account_fy_chricar_1">
      <field name="name">account.account_fiscalyear_sum.fy_chricar_1</field>
      <field name="model">account.account_fiscalyear_sum</field>
      <field name="type">tree</field>
      <field name="arch" type="xml">
        <tree string="Fiscal Year Sums">
          <field name="company_id"/>
          <field name="fiscalyear_id"/>
          <field name="code"/>
          <field name="account_id"/>
          <field name="opening_balance"/>
          <field name="debit"/>
          <field name="credit"/>
          <field name="balance"/>
          <field name="date_start"/>
          <field name="date_stop"/>
        </tree>
      </field>
    </record>
    <record model="ir.ui.view" id="view_account_fy_form_chricar_1">
      <field name="name">account.account_fiscalyear_sum.fy_form_chricar_1</field>
      <field name="model">account.account_fiscalyear_sum</field>
      <field name="type">tree</field>
      <field name="arch" type="xml">
        <form string="Fiscal Year Sums">
          <field name="company_id" />
          <field name="fiscalyear_id" />
          <field name="account_id"/>
          <field name="opening_balance"/>
          <field name="debit"/>
          <field name="credit"/>
          <field name="balance"/>
          <field name="date_start"/>
          <field name="date_stop"/>
        </form>
      </field>
    </record>
    <record model="ir.actions.act_window" id="action_account_fy_chricar">
      <field name="name">Account FY Sums</field>
      <field name="type">ir.actions.act_window</field>
      <field name="res_model">account.account_fiscalyear_sum</field>
      <field name="view_type">form</field>
    </record>
    <record model="ir.actions.act_window.view" id="action_account_fy_chricar_1">
      <field name="view_mode">tree</field>
      <field name="view_id" ref="view_account_fy_chricar_1"/>
      <field name="act_window_id" ref="action_account_fy_chricar"/>
    </record>
    <record model="ir.actions.act_window.view" id="action_account_fy_form_chricar_1">
      <field name="view_mode">form</field>
      <field name="view_id" ref="view_account_fy_form_chricar_1"/>
      <field name="act_window_id" ref="action_account_fy_chricar"/>
    </record>
    <menuitem
      action="action_account_fy_chricar"
      id="chricar_menu_action_account_fy_chricar"
      parent="account.menu_finance_charts"/>
    <!--
    ==============================================
    list of accounts
    ==============================================
-->
    <record model="ir.ui.view" id="view_account_tree_chricar_1">
      <field name="name">account.account_with_postings.tree_chricar_1</field>
      <field name="model">account.account_with_postings</field>
      <field name="type">tree</field>
      <field name="arch" type="xml">
        <tree string="Chart of accounts">
          <field name="company_id"  readonly="1"/>
          <field name="code"  readonly="1"/>
          <field name="name"  readonly="1"/>
          <field name="user_type"  readonly="1"/>
        </tree>
      </field>
    </record>
    <record model="ir.ui.view" id="view_account_form_chricar_1">
      <field name="name">account.account_with_postings.form_chricar_1</field>
      <field name="model">account.account_with_postings</field>
      <field name="type">form</field>
      <field name="arch" type="xml">
        <form string="Chart of accounts">
          <group>
            <field name="company_id" readonly="1" />
            <field name="code" readonly="1" />
            <field name="name" readonly="1" />
            <field name="user_type" readonly="1"/>
          </group>
          <newline/>
          <field name="sum_fiscalyear_ids" widget="one2many_list" colspan="4" nolabel="1" readonly="1">
            <tree string="Fiscal Year Sums">
              <field name="name"/>
              <field name="opening_balance"/>
              <field name="debit"/>
              <field name="credit"/>
              <field name="balance"/>
              <field name="date_start"/>
              <field name="date_stop"/>
            </tree>
            <form string="Fiscal Year Sums">
              <group colspan="4" col="4">
                <field name="name" />
                <group col="2" class="oe_subtotal_footer">>
                <field name="opening_balance" />
                <field name="debit" />
                <field name="credit" />
                <field name="balance" />
              </group>
              </group>
              <newline/>
              <notebook colspan="4">
                <page string="Periods Compare">
                  <field name="sum_fy_period_delta_ids" widget="one2many_list" colspan="4" nolabel="1" readonly="1">
                    <tree string="Periods Compare">
                      <field name="name"/>
                      <field name="balance_curr"/>
                      <field name="balance_prev"/>
                      <field name="diff"/>
                      <field name="diff_pro"/>
                      <field name="balance_curr_cum"/>
                      <field name="balance_prev_cum"/>
                      <field name="balance_diff_cum"/>
                      <field name="balance_diff_pro_cum"/>
                    </tree>
                    <form string="Periods Compare">
                      <group colspan="4" col="8">
                        <field name="name"/>
                        <field name="balance_curr"/>
                        <field name="balance_prev"/>
                        <field name="diff"/>
                        <field name="diff_pro"/>
                        <field name="balance_curr_cum"/>
                        <field name="balance_prev_cum"/>
                        <field name="balance_diff_cum"/>
                        <field name="balance_diff_pro_cum"/>
                        <field name="account_id" invisible="1"/>
                        <field name="period_id" invisible="1"/>
                      </group>
                      <newline/>

                      <field name="move_line_ids" widget="one2many_list" colspan="4" nolabel="1" readonly="1">
                        <tree string="Move Lines">
                          <field name="statement_id"/>
                          <field name="move_id"/>
                          <field name="name"/>
                          <field name="partner_id"/>
                          <field name="ref"/>
                          <field name="debit"/>
                          <field name="credit"/>
                          <field name="currency_id"/>
                          <field name="amount_currency"/>
                          <field name="tax_code_id"/>
                          <field name="tax_amount"/>
                          <field name="date"/>
                          <field name="date_maturity"/>
                        </tree>
                      </field>
                      <!--
                      <field name="move_line_ids" widget="one2many_list" colspan="4" nolabel="1" readonly="1">
                        <tree string="Move Lines">
                          <field name="statement_id"/>
                          <field name="move_id"/>
                          <field name="name"/>
                          <field name="partner_id"/>
                          <field name="ref"/>
                          <field name="debit"/>
                          <field name="credit"/>
                          <field name="currency_id"/>
                          <field name="amount_currency"/>
                          <field name="tax_code_id"/>
                          <field name="tax_amount"/>
                          <field name="date"/>
                          <field name="date_maturity"/>
                          <field name="invoice"/>
                          <field name="analytic_lines"/>
                        </tree>
                      </field>
                   -->
                    </form>
                  </field>
                </page>
                <page string="Period Values">
                  <field name="sum_fy_period_ids" widget="one2many_list" colspan="4" nolabel="1" readonly="1">
                    <tree string="Period Sums">
                      <field name="name"/>
                      <field name="debit"/>
                      <field name="credit"/>
                      <field name="balance"/>
                      <field name="balance_cumulative"/>
                      <field name="date_start"/>
                      <field name="date_stop"/>
                    </tree>
                    <form string="Period Sums">
                      <group colspan="4" col="10">
                        <field name="name"/>
                        <label string="" colspan="2" />
                        <field name="debit" />
                        <field name="credit" />
                        <field name="balance" />
                      </group>
                      <newline/>
                      <field name="move_line_ids" widget="one2many_list" colspan="4" nolabel="1" readonly="1">
                        <tree string="Move Lines">
                          <field name="statement_id"/>
                          <field name="move_id"/>
                          <field name="name"/>
                          <field name="partner_id"/>
                          <field name="ref"/>
                          <field name="debit"/>
                          <field name="credit"/>
                          <field name="currency_id"/>
                          <field name="amount_currency"/>
                          <field name="tax_code_id"/>
                          <field name="tax_amount"/>
                          <field name="date"/>
                          <field name="date_maturity"/>
                          <!--
                   <field name="invoice"/>
                   <field name="analytic_lines"/>
                   -->
                        </tree>
                      </field>
                    </form>
                  </field>
                </page>

                <!--
                <page string="Closing Remarks">
                  <field name="closing_text_ids" widget="one2many_list" colspan="4" nolabel="1">
                    <tree string="Closing Remarks">
                      <field name="closing_text"/>
                    </tree>
                    <form string="Closing Remarks">
                      <field name="closing_text"/>
                    </form>
                  </field>
                </page>
-->
              </notebook>
            </form>
          </field>
        </form>
      </field>
    </record>
    <record model="ir.actions.act_window" id="action_account_tree_chricar">
      <field name="name">Accounts with Postings</field>
      <field name="type">ir.actions.act_window</field>
      <field name="res_model">account.account_with_postings</field>
      <field name="view_type">form</field>
    </record>
    <record model="ir.actions.act_window.view" id="action_account_tree_chricar_1">
      <field name="view_mode">tree</field>
      <field name="view_id" ref="view_account_tree_chricar_1"/>
      <field name="act_window_id" ref="action_account_tree_chricar"/>
    </record>
    <record model="ir.actions.act_window.view" id="action_account_form_chricar_1">
      <field name="view_mode">form</field>
      <field name="view_id" ref="view_account_form_chricar_1"/>
      <field name="act_window_id" ref="action_account_tree_chricar"/>
    </record>
    <menuitem
      action="action_account_tree_chricar"
      id="chricar_menu_action_account_tree_chricar"
      parent="account.menu_finance_charts"/>
    <record id="view_account_journal_is_ob_form" model="ir.ui.view">
      <field name="name">account.journal.ob.form</field>
      <field name="model">account.journal</field>
      <field name="inherit_id" ref="account.view_account_journal_form"/>
      <field name="type">form</field>
      <field name="arch" type="xml">
        <field name="entry_posted" position="after">
          <field name="is_opening_balance"/>
        </field>
      </field>
    </record>
  </data>
</openerp>
