"id","name","model_id:id","group_id:id","perm_read","perm_write","perm_create","perm_unlink"
manage_mis_report_kpi,manage_mis_report_kpi,model_mis_report_kpi,account.group_account_manager,1,1,1,1
access_mis_report_kpi,access_mis_report_kpi,model_mis_report_kpi,base.group_user,1,0,0,0
manage_mis_report_query,manage_mis_report_query,model_mis_report_query,account.group_account_manager,1,1,1,1
access_mis_report_query,access_mis_report_query,model_mis_report_query,base.group_user,1,0,0,0
manage_mis_report,manage_mis_report,model_mis_report,account.group_account_manager,1,1,1,1
access_mis_report,access_mis_report,model_mis_report,base.group_user,1,0,0,0
manage_mis_report_instance_period,manage_mis_report_instance_period,model_mis_report_instance_period,account.group_account_manager,1,1,1,1
access_mis_report_instance_period,access_mis_report_instance_period,model_mis_report_instance_period,base.group_user,1,0,0,0
manage_mis_report_instance,manage_mis_report_instance,model_mis_report_instance,account.group_account_manager,1,1,1,1
access_mis_report_instance,access_mis_report_instance,model_mis_report_instance,base.group_user,1,0,0,0
