<?xml version="1.0" encoding="utf-8" ?>
<openerp>
    <data>
        
        <record id="view_hr_employee_form" model="ir.ui.view">
            <field name="name">hr.employee.form.labourunion</field>
            <field name="model">hr.employee</field>
            <field name="inherit_id" ref="hr_contract.hr_hr_employee_view_form2"/>
            <field name="arch" type="xml">
                <xpath expr="//field[@name='manager']" position="after">
                    <field name="is_labour_union"/>
                    <field name="labour_union_date"/>
                </xpath>
            </field>
        </record>
        
    </data>
</openerp>
