<?xml version="1.0" encoding="UTF-8"?>
<openerp>
    <data>
		<record id="wizard_dynamic_xls_report" model="ir.ui.view">
            <field name="name">Dynamic Reports</field>
            <field name="model">dynamic.xls.report</field>
            <field name="type">form</field>
            <field name="arch" type="xml">
                <form string="Dynamic Report">
                	<group col="2">
	                	<group col="2">
			                    <field name="model_name" required="1"/>
			                    <field name="search_domain" invisible="1"/>
			                    <field name="limit_rec"/>
			                    <field name="order_type"/>
		                </group>
		                <group col="2">
			                    <field name="order_on_field"/>
		                    	<field name="set_offset" />
		                    	<field name="m2m_value"/>
		                </group>
		            </group>
		            <group colspan="6">
		            	<field name="filename" invisible="1"/>
			            <field name="filedata" filename="filename" attrs="{'invisible':[('filedata','=',False)]}"/>
			        </group>
	                <group colspan="6">
	                	<notebook>
	                		<page string="Select Fields">
	                			<field name="field_name" domain="[('model_id','=',model_name),('ttype','!=','binary')]" nolabel="1"/>
	                		</page>
	                		<page string="Domain Lines">
		                		<field name="domain_lines" nolabel="1">
		                			<tree editable="top">
			                			<field name="dynamic_rpt_id" readonly="1" invisible="1"/>
			                			<field name="field_name" required="1"/>
			                			<field name="operator" required="1"/>
			                			<field name="value" required="1"/>
			                		</tree>
		                		</field>
	                		</page>
	                	</notebook>
	                </group>
	                
                    <button special="cancel" string="Cancel" icon="gtk-cancel"/>
                    <button name="get_xls" string="Export" type="object" icon="gtk-print" default_focus="1"/>
                </form>
            </field>
        </record>
        <record id="action_wizard_dynamic_xls_report" model="ir.actions.act_window">
            <field name="name">Dynamic Reports</field>
            <field name="type">ir.actions.act_window</field>
            <field name="res_model">dynamic.xls.report</field>
            <field name="view_type">form</field>
            <field name="view_mode">form</field>
            <field name="target">new</field>
            
        </record>
        <menuitem action="action_wizard_dynamic_xls_report" id="menu_wizard_dynamic_xls_report"/>
    </data>
</openerp>
