id,name,model_id:id,group_id:id,perm_read,perm_write,perm_create,perm_unlink
access_hr_employee_termination_user,access_hr_employee_termination,model_hr_employee_termination,base.group_hr_user,1,1,1,1
access_hr_employee_termination_pm,access_hr_employee_termination,model_hr_employee_termination,hr_security.group_payroll_manager,1,0,0,0
access_hr_employee_termination_reason_user,access_hr_employee_termination_reason,model_hr_employee_termination_reason,base.group_hr_user,1,0,0,0
access_hr_employee_termination_reason_manager,access_hr_employee_termination_reason,model_hr_employee_termination_reason,base.group_hr_manager,1,1,1,1
access_hr_employee_termination_reason_pm,access_hr_employee_termination_reason,model_hr_employee_termination_reason,hr_security.group_payroll_manager,1,0,0,0
