<?xml version="1.0" encoding="UTF-8"?>
<openerp>
	<data>

		<!-- Production Lot Form View -->
		<record id="view_production_lot_inherited_form" model="ir.ui.view">
			<field name="name">production.lot.inherited.form</field>
			<field name="model">stock.production.lot</field>
			<field name="inherit_id" ref="stock.view_production_lot_form" />
			<field name="arch" type="xml">
				<field name="stock_available" position='after'>
					<field name="current_location_id" />
				</field>
			</field>
		</record>

		<record id="view_split_in_lots" model="ir.ui.view">
			<field name="name">Split in Serial Numbers</field>
			<field name="model">stock.move.split</field>
			<field name="inherit_id" ref="stock.view_split_in_lots" />
			<field name="arch" type="xml">
				<field name="prodlot_id" position="replace">
					<field name="prodlot_id" string="Serial Number" quick_create="false"
						domain="[('product_id','=',parent.product_id), ('stock_available','&gt;',0)]"
						on_change="onchange_lot_id(prodlot_id, quantity, parent.location_id, parent.product_id, parent.product_uom, context)"
						context="{'product_id': parent.product_id}" />

				</field>
			</field>
		</record>
	</data>
</openerp>
