id,name,model_id:id,group_id:id,perm_read,perm_write,perm_create,perm_unlink
access_hr_policy_line_presence_hro,access_hr_policy_line_presence,model_hr_policy_line_presence,base.group_hr_user,1,0,0,0
access_hr_policy_line_presence_hrm,access_hr_policy_line_presence,model_hr_policy_line_presence,base.group_hr_manager,1,1,1,1
access_hr_policy_line_presence_payroll,access_hr_policy_line_presence,model_hr_policy_line_presence,hr_security.group_payroll_manager,1,1,1,1
access_hr_policy_presence_hro,access_hr_policy_presence,model_hr_policy_presence,base.group_hr_user,1,0,0,0
access_hr_policy_presence_hrm,access_hr_policy_presence,model_hr_policy_presence,base.group_hr_manager,1,1,1,1
access_hr_policy_presence_payroll,access_hr_policy_line_presence,model_hr_policy_presence,hr_security.group_payroll_manager,1,1,1,1
