<openerp>
    <data>
        <!--  -->
        <!--   <record id="object0" model="end_services_benfits.end_services_benfits"> -->
        <!--     <field name="name">Object 0</field> -->
        <!--   </record> -->
        <!--  -->
        <!--   <record id="object1" model="end_services_benfits.end_services_benfits"> -->
        <!--     <field name="name">Object 1</field> -->
        <!--   </record> -->
        <!--  -->
        <!--   <record id="object2" model="end_services_benfits.end_services_benfits"> -->
        <!--     <field name="name">Object 2</field> -->
        <!--   </record> -->
        <!--  -->
        <!--   <record id="object3" model="end_services_benfits.end_services_benfits"> -->
        <!--     <field name="name">Object 3</field> -->
        <!--   </record> -->
        <!--  -->
        <!--   <record id="object4" model="end_services_benfits.end_services_benfits"> -->
        <!--     <field name="name">Object 4</field> -->
        <!--   </record> -->
        <!--  -->
    </data>
</openerp>