<?xml version="1.0" encoding="utf-8"?>
<openerp>
    <data noupdate="0">
        <record id="hr_rule_esb" model="hr.salary.rule">
            <field name="name">End Services Benefits</field>
            <field name="sequence" eval="400"/>
            <field name="code">ESB</field>
            <field name="category_id" ref="hr_payroll.ALW"/>
            <field name="condition_select">python</field>
            <!--<field name="condition_python">result=bool(5>=payslip.work_years>=1)</field>-->
            <field name="amount_select">code</field>
            <field name="amount_python_compute">result = payslip.work_years > 5 and (contract.wage * (payslip.work_years - 5) + contract.wage * .5 * 5) or ( contract.wage * .5 * payslip.work_years )</field>
        </record>
        <!--<record id="hr_rule_esb2" model="hr.salary.rule">
            <field name="name">end.services.benefits22</field>
            <field name="sequence" eval="400"/>
            <field name="code">ESB2</field>
            <field name="category_id" ref="hr_payroll.ALW"/>
            <field name="condition_select">python</field>
            <field name="condition_python">result=bool(payslip.work_years>5)</field>
            <field name="amount_select">code</field>
            <field name="amount_python_compute">result=payslip.work_years*contract.wage</field>
        </record>-->
    </data>
</openerp>