<?xml version="1.0" encoding="utf-8"?>
<openerp>
    <data noupdate="1">
        
        <!-- Messaging / Chatter -->
        
        <record id="mt_state_open" model="mail.message.subtype">
            <field name="name">Create</field>
            <field name="res_model">hr.payroll.period</field>
            <field name="description">Payroll Period opened</field>
        </record>
        <record id="mt_state_end" model="mail.message.subtype">
            <field name="name">Ended</field>
            <field name="res_model">hr.payroll.period</field>
            <field name="description">Begin end-of-period processing</field>
        </record>
        <record id="mt_state_lock" model="mail.message.subtype">
            <field name="name">Locked</field>
            <field name="res_model">hr.payroll.period</field>
            <field name="description">Payroll Period has been locked</field>
        </record>
        <record id="mt_state_generate" model="mail.message.subtype">
            <field name="name">Generate Payslips</field>
            <field name="res_model">hr.payroll.period</field>
            <field name="description">Pay Slip generation has begun</field>
        </record>
        <record id="mt_state_payment" model="mail.message.subtype">
            <field name="name">Payment</field>
            <field name="res_model">hr.payroll.period</field>
            <field name="description">Payment has started</field>
        </record>
        <record id="mt_state_close" model="mail.message.subtype">
            <field name="name">Closed</field>
            <field name="res_model">hr.payroll.period</field>
            <field name="description">Payroll Period closed</field>
        </record>
        
        <!-- Payroll Exception Rules -->
        
        <record id="payslip_exception_third" model="hr.payslip.exception.rule">
            <field name="name">Net Salary is less than 1/3 of Gross</field>
            <field name="code">NET13GROSS</field>
            <field name="condition_select">python</field>
            <field name="condition_python">result = categories.NET.amount &lt; (categories.GROSS.amount / 3.0)</field>
            <field name="sequence" eval="10"/>
            <field name="severity">critical</field>
            <field name="note">In some jurisdictions the employee's Net Salary cannot be less than 1/3 of Gross.</field>
        </record>
        
        <record id="payslip_exception_negative" model="hr.payslip.exception.rule">
            <field name="name">Net Salary is negative</field>
            <field name="code">NETNEG</field>
            <field name="condition_select">python</field>
            <field name="condition_python">result = categories.NET.amount &lt;= -0.01</field>
            <field name="sequence" eval="15"/>
            <field name="severity">critical</field>
            <field name="note">An employee can never have a negative salary.</field>
        </record>
        
        <record id="payslip_exception_zero" model="hr.payslip.exception.rule">
            <field name="name">Net Salary is Zero</field>
            <field name="code">NETZERO</field>
            <field name="condition_select">python</field>
            <field name="condition_python">result = categories.NET.amount > -0.01 and categories.NET.amount &lt; 0.01</field>
            <field name="sequence" eval="20"/>
            <field name="severity">low</field>
        </record>
        
        <record id="payslip_exception_ot2basic_ratio" model="hr.payslip.exception.rule">
            <field name="name">OverTime / Basic Salary ratio threshold exceeded</field>
            <field name="code">OTBSR</field>
            <field name="condition_select">python</field>
            <field name="condition_python">result = (categories.OT / categories.BASIC.amount) > 0.5</field>
            <field name="sequence" eval="25"/>
            <field name="severity">high</field>
        </record>
        
    </data>
</openerp>
