<?xml version="1.0" encoding="utf-8"?>
<openerp>
<data>

    <!--************************** PARTNERS - default bank **************************-->
<!-- defekt FIXME
    <record model="ir.ui.view" id="view_partner_form1">
        <field name="name">view.partner.form1</field>
        <field name="model">res.partner</field>
        <field name="inherit_id" ref="account.view_partner_property_form"/>
        <field name="arch" type="xml">
            <field name="name" position="after">
                  <field name="default_bank"/>
            </field>
        </field>
    </record>

    <record model="ir.ui.view" id="view_partner_form2">
        <field name="name">view.partner.form2</field>
        <field name="model">res.partner</field>
        <field name="inherit_id" ref="account.view_partner_property_form"/>
        <field name="arch" type="xml">
            <tree string="Bank Details" position="inside">
                <field name="default_bank"/>
            </tree>
        </field>
    </record>
-->
    <record model="ir.ui.view" id="view_partner_form3">
        <field name="name">view.partner.form3 </field>
        <field name="model">res.partner.bank</field>
        <field name="inherit_id" ref="base.view_partner_bank_form"/>
        <field name="arch" type="xml">
            <field name="bank" position="after">
                <field name="default_bank"/>
            </field>
        </field>
    </record>

    <record model="ir.ui.view" id="view_partner_bank_tree">
        <field name="name">view.partner.bank.tree </field>
        <field name="model">res.partner.bank</field>
        <field name="inherit_id" ref="base.view_partner_bank_tree"/>
        <field name="arch" type="xml">
            <field name="sequence" position="after">
                <field name="default_bank"/>
            </field>
        </field>
    </record>


    <!--************************** PARTNERS - payment type **************************-->
<!--
    <record model="ir.ui.view" id="view_payment_type_res_partner_form1">
        <field name="name">res.partner.form.payment_type1</field>
        <field name="model">res.partner</field>
        <field name="type">form</field>
        <field name="inherit_id" ref="account.view_partner_property_form"/>
        <field name="priority" eval="20"/>
        <field name="arch" type="xml">
            <field name="property_account_receivable" position="after">
                <field name="payment_type_customer" widget="selection"/>
            </field>
        </field>
    </record>

    <record model="ir.ui.view" id="view_payment_type_res_partner_form2">
        <field name="name">res.partner.form.payment_type2</field>
        <field name="model">res.partner</field>
        <field name="type">form</field>
        <field name="inherit_id" ref="account.view_partner_property_form"/>
        <field name="priority" eval="20"/>
        <field name="arch" type="xml">
            <field name="property_account_payable" position="after">
                <field name="payment_type_supplier" widget="selection"/>
            </field>
        </field>
    </record>
-->

    <!--****************************** PAYMENT TYPE ******************************-->
        <record model="ir.ui.view" id="view_payment_type_tree">
        <field name="name">payment.type.tree</field>
        <field name="model">payment.type</field>
        <field name="type">tree</field>
        <field name="arch" type="xml">
            <tree string="Payment Type">
                <field name="name"/>
                <field name="code"/>
                <field name="active"/>
                <field name="company_id" groups="base.group_multi_company"/>
            </tree>
        </field>
    </record>

    <record model="ir.ui.view" id="view_payment_type_form">
        <field name="name">payment.type.form</field>
        <field name="model">payment.type</field>
        <field name="type">form</field>
        <field name="arch" type="xml">
            <form string="Payment Type">
                <field name="name" select="1"/>
                <field name="code" select="1"/>
                <field name="active" select="1"/>
                <field name="company_id" select="1" widget='selection' groups="base.group_multi_company"/>
                <separator string="Description" colspan="4"/>
                <field name="note" nolabel="1" colspan="4"/>
                <separator string="Suitable Bank Types" colspan="4"/>
                <field name="suitable_bank_types" nolabel="1" colspan="4"/>
            </form>
        </field>
    </record>
<!--
    <record model="ir.actions.act_window" id="action_payment_type">
        <field name="name">Payment Type</field>
        <field name="res_model">payment.type</field>
        <field name="view_type">form</field>
        <field name="view_mode">tree,form</field>
    </record>

    <menuitem action="action_payment_type" id="menu_action_payment_type" parent="account.menu_configuration_misc"/>
    -->

    <!--****************************** PAYMENT MODE ******************************-->
    <record id="view_payment_mode_form_require_bank_account" model="ir.ui.view">
        <field name="name">payment.mode.form.require_bank_account</field>
        <field name="model">payment.mode</field>
        <field name="type">form</field>
        <field name="inherit_id" ref="account_payment.view_payment_mode_form"/>
        <field name="arch" type="xml">
            <field name="bank_id" position="before">
                <field name="require_bank_account"/>
                <field name="type"/>
            </field>
        </field>
    </record>


    <!--****************************** INVOICES ******************************-->
    <!--Field partner_bank_id in client invoices has a strange domain: domain="[('partner_id.ref_companies', 'in', [company_id])]"-->
    <record model="ir.ui.view" id="invoice_form3">
        <field name="name">account.invoice.form3.payment_type</field>
        <field name="model">account.invoice</field>
        <field name="type">form</field>
        <field name="inherit_id" ref="account.invoice_form"/>
        <field name="arch" type="xml">
            <field name="partner_bank_id" position="replace">
                <field domain="[('partner_id', '=', partner_id)]" name="partner_bank_id" on_change="onchange_partner_bank(partner_bank_id)"/>
            </field>
        </field>
    </record>

    <record model="ir.ui.view" id="invoice_form4">
        <field name="name">account.invoice.form4.payment_type</field>
        <field name="model">account.invoice</field>
        <field name="type">form</field>
        <field name="inherit_id" ref="account.invoice_form"/>
        <field name="arch" type="xml">
            <field name="payment_term" position="after">
                <field domain="[('company_id', '=', company_id)]" name="payment_type" on_change="onchange_payment_type(payment_type, partner_id)" />
            </field>
        </field>
    </record>

    <record model="ir.ui.view" id="invoice_supplier_form2">
        <field name="name">account.invoice.supplier.form2</field>
        <field name="model">account.invoice</field>
        <field name="type">form</field>
        <field name="inherit_id" ref="account.invoice_supplier_form"/>
        <field name="arch" type="xml">
            <field name="payment_term" position="after">
                <field domain="[('company_id', '=', company_id)]" name="payment_type" on_change="onchange_payment_type(payment_type, partner_id)" />
            </field>
        </field>
    </record>


    <!--************ account.move.line extension to show additional fields **********-->
    <record model="ir.ui.view" id="payments_move_line_tree">
        <field name="name">account.payments.move.line.tree</field>
        <field name="model">account.move.line</field>
        <field name="type">tree</field>
        <field name="inherit_id" ref="account_payment.view_move_line_tree_wiz"/>
        <field name="arch" type="xml">
            <field name="currency_id" position="replace">
                <field name="currency_id" groups="base.group_extended"/>
                <field name="reconcile_id"/>
                <field name="reconcile_partial_id" groups="base.group_extended"/>
                <field name="state"/>
                <field name="payment_type"/>
            </field>
        </field>
    </record>

    <record model="ir.ui.view" id="payments_move_line_form">
        <field name="name">account.payments.move.line.form</field>
        <field name="model">account.move.line</field>
        <field name="type">form</field>
        <field name="inherit_id" ref="account.view_move_line_form"/>
        <field name="arch" type="xml">
            <separator string="Reconciliation" position="before">
                <group col="2" colspan="2">
                    <separator colspan="2" string="Payment"/>
                    <field name="payment_type" select="1" widget="selection"/>
                    <field name="partner_bank_id" domain="[('partner_id','=',partner_id)]"/>
                    <field name="received_check"/>
                </group>
            </separator>
        </field>
    </record>


    <!--***************************** BANK STATEMENT *********************************-->
<!--
    <record id="view_bank_statement_form_ext" model="ir.ui.view">
        <field name="name">account.bank.statement.form.ext</field>
        <field name="model">account.bank.statement</field>
        <field name="type">form</field>
        <field name="inherit_id" ref="account_payment.view_bank_statement_form"/>
        <field name="arch" type="xml">
            <button name="%(account_payment.action_account_populate_statement_confirm)d" position="replace">
                <button name="%(wizard_populate_statement_ext)d" string="Import payment lines" type="action" attrs="{'invisible':[('state','=','confirm')]}" icon="gtk-execute"/>
            </button>
        </field>
    </record>
-->

    <!--***************************** PAYMENT ORDER *********************************-->
    <!-- Filter invoices by payment type. Allow negative payment amounts -->
    <record id="view_payment_order_form_ext1" model="ir.ui.view">
        <field name="name">payment.order.form.ext1</field>
        <field name="model">payment.order</field>
        <field name="type">form</field>
        <field name="inherit_id" ref="account_payment.view_payment_order_form"/>
        <field name="arch" type="xml">
            <button name="%(account_payment.action_create_payment_order)d" position="replace">
                <field name="payment_type_name" invisible="1"/>
                <field name="type"/>
                <field name="create_account_moves"/>
                <group colspan="2" col="1" attrs="{'invisible': [('create_account_moves', '=', 'bank-statement')]}">
                    <field name="period_id" attrs="{'required': [('create_account_moves', '!=', 'bank-statement')]}"/>
                </group>
                <button colspan="2" name="%(wizard_populate_payment_ext)d" string="Select invoices to pay/receive payment" type="action" attrs="{'invisible':[('state','=','done')]}" icon="gtk-find"/>
            </button>
        </field>
    </record>

    <record id="view_payment_order_form_ext2" model="ir.ui.view">
        <field name="name">payment.order.form.ext2</field>
        <field name="model">payment.order</field>
        <field name="type">form</field>
        <field name="inherit_id" ref="account_payment.view_payment_order_form"/>
        <field name="arch" type="xml">
            <field name="move_line_id" position="replace">
            <group col="6" colspan="4">
                <field name="move_line_id" on_change="onchange_move_line(move_line_id,parent.mode,parent.date_prefered,parent.date_scheduled,currency,company_currency,context)" select="1"/>
                <field name="account_id"/>
                <field name="payment_move_id"/>
            </group>
            </field>
        </field>
    </record>

    <record id="view_payment_order_form_cancel" model="ir.ui.view">
        <field name="name">payment.order.form.cancel</field>
        <field name="model">payment.order</field>
        <field name="type">form</field>
        <field name="inherit_id" ref="account_payment.view_payment_order_form"/>
        <field name="arch" type="xml">
            <button name="cancel" position="after">
                <button name="cancel_from_done" states="done" type="object" string="Cancel" icon="gtk-cancel"/>
            </button>
        </field>
    </record>

    <record id="view_payment_line_form_ext1" model="ir.ui.view">
        <field name="name">payment.line.ext1</field>
        <field name="model">payment.line</field>
        <field name="type">form</field>
        <field name="inherit_id" ref="account_payment.view_payment_line_form"/>
        <field name="arch" type="xml">
            <field name="move_line_id" position="replace">
                <!--<field name="move_line_id" on_change="onchange_move_line(move_line_id,parent.mode,parent.date_prefered,parent.date_scheduled,currency,company_currency,context)" select="1"/>-->
            <group col="6" colspan="4">
                <field name="move_line_id" on_change="onchange_move_line(move_line_id, False, currency, company_currency)" select="1"/>
                <field name="account_id"/>
                <field name="payment_move_id"/>
            </group>
            </field>
        </field>
    </record>


    <!--**************************** PAYABLE PAYMENT ORDER ********************************-->
    <record id="account_payment.action_payment_order_tree" model="ir.actions.act_window">
        <field name="name">Pay. payment order</field>
        <field name="res_model">payment.order</field>
        <field name="view_type">form</field>
        <field name="view_mode">tree,form</field>
        <field name="domain">[('type','=','payable')]</field>
        <field name="context">{'type':'payable'}</field>
    </record>

    <!--**************************** RECEIVABLE PAYMENT ORDER ********************************-->
    <record id="action_rec_payment_order_tree" model="ir.actions.act_window">
        <field name="name">Rec. payment order</field>
        <field name="res_model">payment.order</field>
        <field name="view_type">form</field>
        <field name="view_mode">tree,form</field>
        <field name="domain">[('type','=','receivable')]</field>
        <field name="context">{'type':'receivable'}</field>
    </record>
    <menuitem action="action_rec_payment_order_tree" id="menu_action_rec_payment_order_form" parent="account_payment.menu_main_payment" sequence="2"/>

    <!--****************************** PAYMENTS ***********************************-->
    <record id="view_payments_tree" model="ir.ui.view">
        <field name="name">Payments</field>
        <field name="model">account.move.line</field>
        <field name="field_parent">partner_id</field>
        <field name="type">tree</field>
        <field name="priority" eval="20"/>
        <field name="arch" type="xml">
            <tree string="Payments" editable="top"
                        colors="grey:reconcile_id!=0;blue:amount_to_pay==0;red:date_maturity&lt;time.strftime('%%Y-%%m-%%d')">
                <field name="invoice" readonly="1"/>
                <field name="partner_id" readonly="1"/>
                <field name="account_id" readonly="1"/>
                <field name="debit" readonly="1" sum="Total Debit"/>
                <field name="credit" readonly="1" sum="Total Credit"/>
                <field name="amount_to_pay" readonly="1" sum="Total Amount to Pay"/>
                <field name="payment_type" readonly="1"/>
                <field name="partner_bank_id" domain="[('partner_id','=',partner_id)]"/>
                <field name="received_check"/>
                <field name="date_maturity"/>
                <field name="move_id" readonly="1"/>
                <field name="reconcile_id" readonly="1"/>
                <field name="reconcile_partial_id" readonly="1"/>
            </tree>
        </field>
    </record>

    <record id="view_payments_filter" model="ir.ui.view">
        <field name="name">Invoice Payments Select</field>
        <field name="model">account.move.line</field>
        <field name="type">search</field>
        <field name="priority" eval="20"/>
        <field name="arch" type="xml">
            <search string="Search Invoice Payments">
               <group col='10' colspan='4'>
                    <filter icon="terp-sale" string="Receive" domain="[('account_id.type','=','receivable')]" help="Receivable payments"/>
                    <filter icon="terp-purchase" string="Pay" domain="[('account_id.type','=','payable')]" help="Payable payments"/>
                    <separator orientation="vertical"/>
                    <filter icon="terp-dolar_ok!" string="Unreconciled" domain="[('reconcile_id','=',False)]" help="Unreconciled payments"/>
                    <field name="account_id"/>
                    <field name="partner_id"/>
                    <field name="invoice"/>
                    <field name="date_maturity"/>
                    <newline/>
                    <field name="amount_to_pay"/>
                    <field name="payment_type" widget="selection"/>
                    <field name="partner_bank_id"/>
                    <field name="received_check"/>
               </group>
           </search>
        </field>
    </record>

    <!-- Invoice Payments -->
    <record model="ir.actions.act_window" id="action_invoice_payments">
        <field name="name">Invoice payments</field>
        <field name="res_model">account.move.line</field>
        <field name="view_type">form</field>
        <field name="view_id" ref="view_payments_tree"/>
        <field name="search_view_id" ref="view_payments_filter"/>
        <field name="domain">[('account_id.type','in',['receivable','payable']),('invoice','&lt;&gt;',False)]</field>
    </record>
    <menuitem name="Invoice payments" parent="account_payment.menu_main_payment" action="action_invoice_payments" id="menu_action_invoice_payments" sequence="4"/>

    <!-- Done Payments -->
    <record model="ir.actions.act_window" id="action_done_payments">
        <field name="name">Done payments</field>
        <field name="res_model">account.move.line</field>
        <field name="view_type">form</field>
        <field name="view_id" ref="view_payments_tree"/>
        <field name="search_view_id" ref="view_payments_filter"/>
        <field name="domain">[('account_id.type','in',['receivable','payable']),('invoice','=',False)]</field>
    </record>
    <menuitem name="Done payments" parent="account_payment.menu_main_payment" action="action_done_payments" id="menu_action_done_payments" sequence="5"/>

</data>
</openerp>
