<?xml version="1.0" encoding="utf-8"?>
<openerp>
    <data noupdate="1">
        <!-- Sequences for sale.order -->
        <record id="seq_type_picking_batch" model="ir.sequence.type">
            <field name="name">Picking Batch</field>
            <field name="code">picking.batch</field>
        </record>

        <record id="seq_picking_batch" model="ir.sequence">
            <field name="name">Picking Batch</field>
            <field name="code">picking.batch</field>
            <field name="prefix">PB%(year)s%(month)s%(day)s</field>
            <field name="padding">3</field>
            <field name="company_id" eval="False"/>
        </record>
    </data>
</openerp>