id,course_id,end_date,max_count,min_count,name,product_id,start_date,state
op_admission_register_1,Bachelor of Accountancy,2015-01-31,50,20,BOA1518-AR,Admission Fees for BOA15-18,2015-01-01,Done
op_admission_register_2,Land Restoration Programme,2015-07-31,20,5,LRTP-15-17-AR,Admission Fees for LTRP15-17,2015-07-01,Done
op_admission_register_3,IELTS-2015-001,2015-01-31,100,30,IELTS-2015-1-AR001,Fees for IELTS-2015-001,2015-01-01,Done
op_admission_register_4,Grade-8-Course,2015-05-13,30,20,G8-AR-2015-2016,Admission Fees for Grade-8,2015-03-02,Done
