id,categ_id:id,name,type,uom_po_id:id,uom_id:id,default_code
op_product_1,op_prod_cat1,Admission Fees for BOA15-18,Service,product.product_uom_unit,product.product_uom_unit,Admission Fees for BOA15-18
op_product_2,op_prod_cat1,Admission Fees for G8-AR-15-16,Service,product.product_uom_unit,product.product_uom_unit,Admission Fees for G8-AR-15-16
op_product_3,op_prod_cat1,Admission Fees for LTRP15-17,Service,product.product_uom_unit,product.product_uom_unit,Admission Fees for LTRP15-17
op_product_4,op_prod_cat1,Admission Fees for PPHD-16-19,Service,product.product_uom_unit,product.product_uom_unit,Admission Fees for PPHD-16-19
op_product_5,op_prod_cat1,Fees for IELTS-2015-001,Service,product.product_uom_unit,product.product_uom_unit,Fees for IELTS-2015-001
op_product_6,op_prod_cat1,Admission Fees for Grade-8,Service,product.product_uom_unit,product.product_uom_unit,Admission Fees for Grade-8
