<?xml version="1.0" encoding="utf-8"?>
<openerp>
    <data noupdate="1">
        <record id="op_admission_15" model="op.admission">
            <field name="photo" type="base64" file="openeducat_admission/static/img/student_1.jpg" />
        </record>

        <record id="op_admission_16" model="op.admission">
            <field name="photo" type="base64" file="openeducat_admission/static/img/student_2.jpg" />
        </record>

        <record id="op_admission_17" model="op.admission">
            <field name="photo" type="base64" file="openeducat_admission/static/img/student_3.jpg" />
        </record>

        <record id="op_admission_18" model="op.admission">
            <field name="photo" type="base64" file="openeducat_admission/static/img/student_4.jpg" />
        </record>

        <record id="op_admission_19" model="op.admission">
            <field name="photo" type="base64" file="openeducat_admission/static/img/student_5.jpg" />
        </record>

        <record id="op_admission_20" model="op.admission">
            <field name="photo" type="base64" file="openeducat_admission/static/img/student_6.jpg" />
        </record>

        <record id="op_admission_21" model="op.admission">
            <field name="photo" type="base64" file="openeducat_admission/static/img/student_7.jpg" />
        </record>

        <record id="op_admission_22" model="op.admission">
            <field name="photo" type="base64" file="openeducat_admission/static/img/student_8.jpg" />
        </record>

        <record id="op_admission_12" model="op.admission">
            <field name="photo" type="base64" file="openeducat_admission/static/img/student_9.jpg" />
        </record>

        <record id="op_admission_13" model="op.admission">
            <field name="photo" type="base64" file="openeducat_admission/static/img/student_10.jpg" />
        </record>

        <record id="op_admission_14" model="op.admission">
            <field name="photo" type="base64" file="openeducat_admission/static/img/student_11.jpg" />
        </record>

        <record id="op_admission_11" model="op.admission">
            <field name="photo" type="base64" file="openeducat_admission/static/img/student_12.jpg" />
        </record>

        <record id="op_admission_10" model="op.admission">
            <field name="photo" type="base64" file="openeducat_admission/static/img/student_13.jpg" />
        </record>

        <record id="op_admission_9" model="op.admission">
            <field name="photo" type="base64" file="openeducat_admission/static/img/student_14.jpg" />
        </record>

        <record id="op_admission_8" model="op.admission">
            <field name="photo" type="base64" file="openeducat_admission/static/img/student_15.jpg" />
        </record>

        <record id="op_admission_7" model="op.admission">
            <field name="photo" type="base64" file="openeducat_admission/static/img/student_16.jpg" />
        </record>

        <record id="op_admission_6" model="op.admission">
            <field name="photo" type="base64" file="openeducat_admission/static/img/student_17.jpg" />
        </record>

        <record id="op_admission_5" model="op.admission">
            <field name="photo" type="base64" file="openeducat_admission/static/img/student_18.jpg" />
        </record>

        <record id="op_admission_4" model="op.admission">
            <field name="photo" type="base64" file="openeducat_admission/static/img/student_19.jpg" />
        </record>

        <record id="op_admission_3" model="op.admission">
            <field name="photo" type="base64" file="openeducat_admission/static/img/student_20.jpg" />
        </record>
    </data>
</openerp>
