<?xml version="1.0" encoding="utf-8"?>
<openerp>
    <data noupdate="1">
    
    <record id="street_id_1" model="res.country.state.city.street">
        <field name="name">Basanavičiaus</field>
        <field name="city_id" ref="city_id_1"/>
    </record>
    
    <record id="street_id_2" model="res.country.state.city.street">
        <field name="name">Kudirkos</field>
        <field name="city_id" ref="city_id_1"/>
    </record>
    
    <record id="street_id_3" model="res.country.state.city.street">
        <field name="name">Laisvės pr.</field>
        <field name="city_id" ref="city_id_1"/>
    </record>        
        
    </data>
</openerp>
