id,name,model_id:id,group_id:id,perm_read,perm_write,perm_create,perm_unlink
access_hr_policy_accr_hr,access_hr_policy_accr,model_hr_policy_accrual,base.group_hr_manager,1,1,1,1
access_hr_policy_line_accr_hr,access_hr_policy_line_accr,model_hr_policy_line_accrual,base.group_hr_manager,1,1,1,1
access_hr_policy_accr_payroll,access_hr_policy_accr,model_hr_policy_accrual,hr_security.group_payroll_user,1,0,0,0
access_hr_policy_line_accr_payroll,access_hr_policy_line_accr,model_hr_policy_line_accrual,hr_security.group_payroll_user,1,0,0,0
access_hr_policy_line_accr_job_hr,access_hr_policy_line_accr_job,model_hr_policy_line_accrual_job,base.group_hr_user,1,0,0,0
access_hr_policy_line_accr_job_payroll,access_hr_policy_line_accr_job,model_hr_policy_line_accrual_job,hr_security.group_payroll_user,1,0,0,0
