<?xml version="1.0" encoding="UTF-8"?>
<openerp>
  <data>
    <!--
==============================================
Application Columns (terp_columns > application_columns) 
generated 2009-03-27 16:28:26+01
==============================================
-->
    <record model="ir.ui.view" id="chricar_application_columns_form">
      <field name="name">chricar.application_columns.form</field>
      <field name="model">chricar.application_columns</field>
      <field name="priority">1</field>
      <field name="type">form</field>
      <field name="arch" type="xml">
        <form string="Application Columns">
          <field name="application_tables_id"/>
          <field name="char_size"/>
          <field name="column_fk"/>
          <field name="column_list_show"/>
          <field name="defaults"/>
          <field name="extra_tab"/>
          <field name="help"/>
          <field name="inherits_columns"/>
          <field name="is_name"/>
          <field name="many2one"/>
          <field name="migrate"/>
          <field name="name"/>
          <field name="name_column"/>
          <field name="name_column_source"/>
          <field name="num_precision"/>
          <field name="num_scale"/>
          <field name="one2many_col_name"/>
          <field name="read_only"/>
          <field name="required"/>
          <field name="search"/>
          <field name="sequence"/>
          <field name="sort_form"/>
          <field name="sort_list"/>
          <field name="source_pk"/>
          <field name="state"/>
          <field name="suppress_in_form"/>
          <field name="table_fk"/>
          <field name="table_fk_source"/>
          <field name="tiny_column_english"/>
          <field name="translate"/>
          <field name="type"/>
          <notebook colspan="4">
            <page string="invisible" invisible="1"/>
          </notebook>
        </form>
      </field>
    </record>
    <record model="ir.ui.view" id="chricar_application_columns_list">
      <field name="name">chricar.application_columns.list</field>
      <field name="model">chricar.application_columns</field>
      <field name="priority">1</field>
      <field name="type">tree</field>
      <field name="arch" type="xml">
        <tree string="Application Columns" editable="top">
          <field name="application_tables_id"/>
          <field name="char_size"/>
          <field name="column_fk"/>
          <field name="column_list_show"/>
          <field name="defaults"/>
          <field name="extra_tab"/>
          <field name="help"/>
          <field name="inherits_columns"/>
          <field name="is_name"/>
          <field name="many2one"/>
          <field name="migrate"/>
          <field name="name"/>
          <field name="name_column"/>
          <field name="name_column_source"/>
          <field name="num_precision"/>
          <field name="num_scale"/>
          <field name="one2many_col_name"/>
          <field name="read_only"/>
          <field name="required"/>
          <field name="search"/>
          <field name="sequence"/>
          <field name="sort_form"/>
          <field name="sort_list"/>
          <field name="source_pk"/>
          <field name="state"/>
          <field name="suppress_in_form"/>
          <field name="table_fk"/>
          <field name="table_fk_source"/>
          <field name="tiny_column_english"/>
          <field name="translate"/>
          <field name="type"/>
        </tree>
      </field>
    </record>
    <record model="ir.actions.act_window" id="chricar_application_columns_act1">
      <field name="name">Application Columns</field>
      <field name="res_model">chricar.application_columns</field>
      <field name="view_type">form</field>
      <field name="view_mode">tree,form</field>
      <field name="view_id" ref="chricar_application_columns_list"/>
    </record>
    <record model="ir.actions.act_window.view" id="chricar_application_columns_act1_view2">
      <field name="sequence" eval="1"/>
      <field name="view_mode">tree</field>
      <field name="view_id" ref="chricar_application_columns_list"/>
      <field name="act_window_id" ref="chricar_application_columns_act1"/>
    </record>
    <record model="ir.actions.act_window.view" id="chricar_application_columns_act1_view1">
      <field name="sequence" eval="2"/>
      <field name="view_mode">form</field>
      <field name="view_id" ref="chricar_application_columns_form"/>
      <field name="act_window_id" ref="chricar_application_columns_act1"/>
    </record>
    <menuitem
      action="chricar_application_columns_act1"
      id="menu_chricar_application_columns_list"
      parent="chricar_application.menu_chricar_application_list"
      sequence="20"/>
    <!--
==============================================
Modification of Parents (only for matching table prefixes)
==============================================
-->
    <record model="ir.ui.view" id="chricar_application_tables_application_columns_form1">
      <field name="name">chricar.application_tables.form1</field>
      <field name="model">chricar.application_tables</field>
      <field name="inherit_id" ref="chricar_application_tables.chricar_application_tables_form"/>
      <field name="priority" eval="10"/>
      <field name="arch" type="xml">
        <notebook>
          <page string="Application Columns">
            <field name="application_columns_ids" widget="one2many_list" colspan="4" nolabel="1">
              <tree string="Application Columns" editable="top">
                <field name="char_size"/>
                <field name="column_fk"/>
                <field name="column_list_show"/>
                <field name="defaults"/>
                <field name="extra_tab"/>
                <field name="help"/>
                <field name="inherits_columns"/>
                <field name="is_name"/>
                <field name="many2one"/>
                <field name="migrate"/>
                <field name="name"/>
                <field name="name_column"/>
                <field name="name_column_source"/>
                <field name="num_precision"/>
                <field name="num_scale"/>
                <field name="one2many_col_name"/>
                <field name="read_only"/>
                <field name="required"/>
                <field name="search"/>
                <field name="sequence"/>
                <field name="sort_form"/>
                <field name="sort_list"/>
                <field name="source_pk"/>
                <field name="state"/>
                <field name="suppress_in_form"/>
                <field name="table_fk"/>
                <field name="table_fk_source"/>
                <field name="tiny_column_english"/>
                <field name="translate"/>
                <field name="type"/>
              </tree>
            </field>
          </page>
        </notebook>
      </field>
    </record>
  </data>
</openerp>
