<openerp>
<data>
 
        <record id="hr_holiday_halfday" model="hr.holidays.status">
            <field name="name">HDL</field>
            <field name="color_name">blue</field>
            <field name="limit" eval="True"/>
        </record>
        
        <record id="hr_holiday_late" model="hr.holidays.status">
            <field name="name">LATE</field>
            <field name="color_name">blue</field>
            <field name="limit" eval="True"/>
        </record>
        
        <record id="hr_holiday_early" model="hr.holidays.status">
            <field name="name">ERLY</field>
            <field name="color_name">blue</field>
            <field name="limit" eval="True"/>
        </record>
        
        <record id="hr_holiday_absence" model="hr.holidays.status">
            <field name="name">ABS</field>
            <field name="color_name">red</field>
            <field name="limit" eval="True"/>
        </record>
        
        
</data>
</openerp>
