<openerp>
<data>

		<record id="hr_salary_rule_hous" model="hr.salary.rule">
            <field name="code">HOUS</field>
            <field name="name">Housing Allowance</field>
            <field name="category_id" ref="hr_payroll.ALW"/>
            <field name="amount_select">percentage</field>
            <field name="amount_percentage_base">contract.wage</field>
            <field name="amount_percentage" eval="25"/>
            <field name="sequence" eval="11"/>
            <field name="note">Housing Allowance 25%</field>
        </record>
        
        <record id="hr_salary_rule_trans" model="hr.salary.rule">
            <field name="code">TRANS</field>
            <field name="name">Transportation Allowance</field>
            <field name="category_id" ref="hr_payroll.ALW"/>
            <field name="amount_select">percentage</field>
            <field name="amount_percentage_base">contract.wage</field>
            <field name="amount_percentage" eval="8"/>
            <field name="sequence" eval="12"/>
            <field name="note">Transportation Allowance 8% of base</field>
        </record>
        
        <record id="hr_salary_rule_rwrd" model="hr.salary.rule">
            <field name="code">RWRD</field>
            <field name="name">Rewarding Allowance</field>
            <field name="category_id" ref="hr_payroll.ALW"/>
            <field name="amount_select">percentage</field>
            <field name="amount_percentage_base">contract.wage</field>
            <field name="quantity">worked_days.WORK100.number_of_days</field>
            <field name="amount_percentage" eval="1"/>
            <field name="sequence" eval="13"/>
            <field name="note">Rewarding mainly on attendance by 1% for each work day</field>
        </record>
        
        <record id="hr_salary_rule_cmt" model="hr.salary.rule">
            <field name="code">CMT</field>
            <field name="name">Commitment Allowance</field>
            <field name="category_id" ref="hr_payroll.ALW"/>
            <field name="amount_select">percentage</field>
            <field name="amount_percentage_base">contract.wage</field>
            <field name="quantity">worked_days.WORK100.number_of_days</field>
            <field name="amount_percentage" eval=".5"/>
            <field name="sequence" eval="14"/>
            <field name="note">Commitment mainly on attendance by 0.5% for each work day</field>
        </record>
        
        <record id="hr_salary_rule_bns" model="hr.salary.rule">
            <field name="code">BNS</field>
            <field name="name">Bonus / Commission Allowance</field>
            <field name="category_id" ref="hr_payroll.ALW"/>
             <field name="condition_select">python</field>
            <field name="condition_python">result=bool(inputs.BNS and inputs.BNS.amount > 0)</field>
            <field name="amount_select">code</field>
            <field name="amount_python_compute">result=inputs.BNS.amount</field>
            <field name="sequence" eval="15"/>
            <field name="note">if the employee have Bonus/Commission amount > 0 show it on the payslip and add it to allowances, otherwise do not show Bouns on the payslip</field>
        </record>
        <!-- Input -->
        <record id="hr_rule_input_bns" model="hr.rule.input">
            <field name="code">BNS</field>
            <field name="name">Bonus / Commission</field>
            <field name="input_id" ref="hr_salary_rule_bns"/>
        </record>
        
        <record id="hr_salary_rule_exp" model="hr.salary.rule">
            <field name="code">EXP</field>
            <field name="name">Expenses accured</field>
            <field name="category_id" ref="hr_payroll.ALW"/>
             <field name="condition_select">python</field>
            <field name="condition_python">result=bool(inputs.EXP and inputs.EXP.amount > 0)</field>
            <field name="amount_select">code</field>
            <field name="amount_python_compute">result=inputs.EXP.amount</field>
            <field name="sequence" eval="15"/>
            <field name="note">Expenses accured</field>
        </record>
        <!-- Input -->
        <record id="hr_rule_input_exp" model="hr.rule.input">
            <field name="code">EXP</field>
            <field name="name">Expenses accrued</field>
            <field name="input_id" ref="hr_salary_rule_exp"/>
        </record>
        
        <!-- Deductions -->
        
        <record id="hr_salary_rule_soci" model="hr.salary.rule">
            <field name="code">SOCI</field>
            <field name="name">Social insurance deduction</field>
            <field name="category_id" ref="hr_payroll.DED"/>
            <field name="amount_select">percentage</field>
            <field name="amount_percentage_base">contract.wage</field>
            <field name="amount_percentage" eval="-12.5"/>
            <field name="sequence" eval="101"/>
            <field name="note">Social insurance deduction 12.5% of base</field>
        </record>
        
        <record id="hr_salary_rule_medical" model="hr.salary.rule">
            <field name="code">MEDI</field>
            <field name="name">Medical insurance deduction</field>
            <field name="category_id" ref="hr_payroll.DED"/>
            <field name="amount_select">percentage</field>
            <field name="amount_percentage_base">contract.wage</field>
            <field name="amount_percentage" eval="-10"/>
            <field name="sequence" eval="102"/>
            <field name="note">Medical insurance deduction 10% of base</field>
        </record>
        
         <record id="hr_salary_rule_upl" model="hr.salary.rule">
            <field name="code">UPL</field>
            <field name="name">Unpaid leave deduction</field>
            <field name="category_id" ref="hr_payroll.DED"/>
            <field name="condition_select">python</field>
            <field name="condition_python">result=bool(worked_days.Unpaid)</field>
            <field name="amount_select">code</field>
            <field name="amount_python_compute">result=-(BASIC/30)*(worked_days.Unpaid.number_of_days)</field>
            <field name="sequence" eval="110"/>
            <field name="note">Deduction of unpaid leaves from basic salary - depends on the Unpaid leaves approved</field>
        </record>
        
        <record id="hr_salary_rule_hdl" model="hr.salary.rule">
            <field name="code">HDL</field>
            <field name="name">Half Day leave deduction</field>
            <field name="category_id" ref="hr_payroll.DED"/>
            <field name="condition_select">python</field>
            <field name="condition_python">result=bool(worked_days.HDL)</field>
            <field name="amount_select">code</field>
            <field name="amount_python_compute">result=-(BASIC/30)*(worked_days.HDL.number_of_days)*0.5</field>
            <field name="sequence" eval="111"/>
            <field name="note">Deduction of Half Day leaves from basic salary  - depends on the HDL leaves approved</field>
        </record>   
        
        <record id="hr_salary_rule_abs" model="hr.salary.rule">
            <field name="code">ABS</field>
            <field name="name">Absence deduction</field>
            <field name="category_id" ref="hr_payroll.DED"/>
            <field name="condition_select">python</field>
            <field name="condition_python">result=bool(worked_days.ABS)</field>
            <field name="amount_select">code</field>
            <field name="amount_python_compute">result=-(BASIC/30)*(worked_days.ABS.number_of_days)*2</field>
            <field name="sequence" eval="112"/>
            <field name="note">Deduction of absence day * 2 days of basic salary - depends on the ABS leaves</field>
        </record>   
        
        <record id="hr_salary_rule_late" model="hr.salary.rule">
            <field name="code">LATE</field>
            <field name="name">Lateness deduction</field>
            <field name="category_id" ref="hr_payroll.DED"/>
            <field name="condition_select">python</field>
            <field name="condition_python">result=bool(worked_days.LATE)</field>
            <field name="amount_select">code</field>
            <field name="amount_python_compute">result=(worked_days.LATE.number_of_days > 2 and -(BASIC/30)*(worked_days.LATE.number_of_days)*0.25 or 0) </field>
            <field name="sequence" eval="113"/>
            <field name="note">If the employee came 3 + times late, deduct each latenes by 1/4 basic day,
            otherwise no deduction but show on the payslip with zero amount.
            Depends on the LATE leaves</field>
        </record>   
        
        <record id="hr_salary_rule_early" model="hr.salary.rule">
            <field name="code">ERLY</field>
            <field name="name">Early leave deduction</field>
            <field name="category_id" ref="hr_payroll.DED"/>
            <field name="condition_select">python</field>
            <field name="condition_python">result=bool(worked_days.ERLY)</field>
            <field name="amount_select">code</field>
            <field name="amount_python_compute">result=-(BASIC/30)*(worked_days.ERLY.number_of_days)*0.25 </field>
            <field name="sequence" eval="114"/>
            <field name="note">If the employee left early, deduct each leave by 1/4 basic day,
            otherwise do not show on the payslip.
            Depends on the ERLY leaves</field>
        </record>   
        
        <record id="hr_salary_rule_loanins" model="hr.salary.rule">
            <field name="code">LNIN</field>
            <field name="name">Loan installment deduction</field>
            <field name="category_id" ref="hr_payroll.DED"/>
             <field name="condition_select">python</field>
            <field name="condition_python">result=bool(inputs.LNIN and inputs.LNIN.amount > 0)</field>
            <field name="amount_select">code</field>
            <field name="amount_python_compute">result=-inputs.LNIN.amount</field>
            <field name="sequence" eval="115"/>
            <field name="note">Bonus / Commission allowance</field>
        </record>
        <!-- Input -->
        <record id="hr_rule_input_loanins" model="hr.rule.input">
            <field name="code">LNIN</field>
            <field name="name">Loan installment deduction</field>
            <field name="input_id" ref="hr_salary_rule_loanins"/>
        </record>
        
        
        <!-- salary structure -->
        <record id="hr_payroll_structure_general" model="hr.payroll.structure">
            <field name="name">General Salary strucutre</field>
            <field name="code">GENERAL</field>
            <field name="parent_id" ref="hr_payroll.structure_base"/>
            <field name="rule_ids" eval="[(6, 0,
				[ref('hr_salary_rule_hous'),
				ref('hr_salary_rule_trans'),
				ref('hr_salary_rule_rwrd'),
				ref('hr_salary_rule_cmt'),
				ref('hr_salary_rule_bns'),
				ref('hr_salary_rule_exp'),
				ref('hr_salary_rule_soci'),
				ref('hr_salary_rule_medical'),
				ref('hr_salary_rule_upl'),
				ref('hr_salary_rule_hdl'),
				ref('hr_salary_rule_abs'),
				ref('hr_salary_rule_late'),
				ref('hr_salary_rule_early'),
				ref('hr_salary_rule_loanins')]
				)]"
            />
        </record>
</data>
</openerp>
