<?xml version="1.0" encoding="utf-8"?>
<openerp>
    <data>
        
        <record id="view_salary_rule_form" model="ir.ui.view">
            <field name="name">hr.salary.rule.form.inherit</field>
            <field name="model">hr.salary.rule</field>
            <field name="inherit_id" ref="hr_payroll.hr_salary_rule_form"/>
            <field name="arch" type="xml">
                <data>
                    <xpath expr="//field[@name='quantity']" position="replace">
                        <field name="quantity" attrs="{'required':[('amount_select','!=','code')]}"/><newline/>
                    </xpath>
                </data>
            </field>
        </record>
    
    </data>
</openerp>
