"id","name","model_id:id","group_id:id","perm_read","perm_write","perm_create","perm_unlink"
"ir_model_access_city0","res_city group_user","model_res_country_state_city",base.group_user,1,0,0,0
"ir_model_access_city1","res_city group_manager","model_res_country_state_city",base.group_partner_manager,1,1,1,1
"ir_model_access_street0","res_street group_user","model_res_country_state_city_street",base.group_user,1,0,0,0
"ir_model_access_street1","res_street group_manager","model_res_country_state_city_street",base.group_partner_manager,1,1,1,1
"ir_model_access_base_localization_user","base_localization group_user","model_base_localization",base.group_user,1,0,0,0
"ir_model_access_base_localization_manager","base_localization group_manager","model_base_localization",base.group_partner_manager,1,1,1,1

