<?xml version="1.0" encoding="UTF-8"?>
<openerp>
	<data>

		<!-- Production Lot Form View -->
		<record id="view_production_lot_inherited_form" model="ir.ui.view">
			<field name="name">production.lot.inherited.form</field>
			<field name="model">stock.production.lot</field>
			<field name="inherit_id" ref="stock.view_production_lot_form" />
			<field name="arch" type="xml">
				<field name="stock_available" position='after'>
					<field name="container_serial_id" />
				</field>
			</field>
		</record>

		<record id="view_move_form" model="ir.ui.view">
			<field name="name">stock.move.form</field>
			<field name="model">stock.move</field>
			<field name="inherit_id" ref="stock.view_move_form"/>
			<field eval="1" name="priority" />
			<field name="arch" type="xml">
				<field name="origin" position="before">
					<field name="product_packaging" domain="[('product_id','=',product_id)]"/>
				</field>
			</field>
		</record>

	</data>
</openerp>
