<?xml version="1.0" encoding="utf-8"?>
<openerp>
    <data noupdate="1">
        <record id="op_faculty_1" model="op.faculty">
            <field name="photo" type="base64" file="openeducat_core/static/img/faculty_1.jpg" />
        </record>
        <record id="op_faculty_2" model="op.faculty">
            <field name="photo" type="base64" file="openeducat_core/static/img/faculty_2.jpg" />
        </record>
        <record id="op_faculty_3" model="op.faculty">
            <field name="photo" type="base64" file="openeducat_core/static/img/faculty_3.jpg" />
        </record>
        <record id="op_faculty_4" model="op.faculty">
            <field name="photo" type="base64" file="openeducat_core/static/img/faculty_4.jpg" />
        </record>
        <record id="op_faculty_5" model="op.faculty">
            <field name="photo" type="base64" file="openeducat_core/static/img/faculty_5.jpg" />
        </record>
        <record id="op_faculty_6" model="op.faculty">
            <field name="photo" type="base64" file="openeducat_core/static/img/faculty_6.jpg" />
        </record>
        <record id="op_faculty_7" model="op.faculty">
            <field name="photo" type="base64" file="openeducat_core/static/img/faculty_7.jpg" />
        </record>
        <record id="op_faculty_8" model="op.faculty">
            <field name="photo" type="base64" file="openeducat_core/static/img/faculty_8.jpg" />
        </record>
        <record id="op_faculty_9" model="op.faculty">
            <field name="photo" type="base64" file="openeducat_core/static/img/faculty_9.jpg" />
        </record>
        <record id="op_faculty_10" model="op.faculty">
            <field name="photo" type="base64" file="openeducat_core/static/img/faculty_10.jpg" />
        </record>
    </data>
</openerp>
