id,code,evaluation_type,name,section,subject_ids:id,parent_id:id
op_course_1,LRTP,Normal,Land Restoration Programme,Bachelors Course,"op_subject_1,op_subject_20,op_subject_3,op_subject_4,op_subject_5",,
op_course_2,BOA,GPA,Bachelor of Accountancy,Bachelors Degree,,
op_course_3,BOA1,GPA,BOA-Sem-1,Bachelor's Degree-Sem 1,"op_subject_6,op_subject_7,op_subject_8,op_subject_9",op_course_2
op_course_4,BOA2,GPA,BOA-Sem-2,Bachelor's Degree-Sem 2,"op_subject_10,op_subject_11,op_subject_12,op_subject_13",op_course_2
op_course_5,IELTS151,Normal,IELTS-2015-001,2015-I,"op_subject_14,op_subject_15,op_subject_16,op_subject_17",,
op_course_6,G8C,Normal,Grade-8-Course,K-12-Grade 8,"op_subject_18,op_subject_19,op_subject_20",,
