<?xml version="1.0" encoding="utf-8"?>
<openerp>
    <data noupdate="1">
        <record id="op_student_1" model="op.student">
            <field name="photo" type="base64" file="openeducat_core/static/img/student_1.jpg" />
        </record>

        <record id="op_student_2" model="op.student">
            <field name="photo" type="base64" file="openeducat_core/static/img/student_2.jpg" />
        </record>

        <record id="op_student_3" model="op.student">
            <field name="photo" type="base64" file="openeducat_core/static/img/student_3.jpg" />
        </record>

        <record id="op_student_4" model="op.student">
            <field name="photo" type="base64" file="openeducat_core/static/img/student_4.jpg" />
        </record>

        <record id="op_student_5" model="op.student">
            <field name="photo" type="base64" file="openeducat_core/static/img/student_5.jpg" />
        </record>

        <record id="op_student_6" model="op.student">
            <field name="photo" type="base64" file="openeducat_core/static/img/student_6.jpg" />
        </record>

        <record id="op_student_7" model="op.student">
            <field name="photo" type="base64" file="openeducat_core/static/img/student_7.jpg" />
        </record>

        <record id="op_student_8" model="op.student">
            <field name="photo" type="base64" file="openeducat_core/static/img/student_8.jpg" />
        </record>

        <record id="op_student_9" model="op.student">
            <field name="photo" type="base64" file="openeducat_core/static/img/student_9.jpg" />
        </record>

        <record id="op_student_10" model="op.student">
            <field name="photo" type="base64" file="openeducat_core/static/img/student_10.jpg" />
        </record>

        <record id="op_student_11" model="op.student">
            <field name="photo" type="base64" file="openeducat_core/static/img/student_11.jpg" />
        </record>

        <record id="op_student_12" model="op.student">
            <field name="photo" type="base64" file="openeducat_core/static/img/student_12.jpg" />
        </record>

        <record id="op_student_13" model="op.student">
            <field name="photo" type="base64" file="openeducat_core/static/img/student_13.jpg" />
        </record>

        <record id="op_student_14" model="op.student">
            <field name="photo" type="base64" file="openeducat_core/static/img/student_14.jpg" />
        </record>

        <record id="op_student_15" model="op.student">
            <field name="photo" type="base64" file="openeducat_core/static/img/student_15.jpg" />
        </record>

        <record id="op_student_16" model="op.student">
            <field name="photo" type="base64" file="openeducat_core/static/img/student_16.jpg" />
        </record>

        <record id="op_student_17" model="op.student">
            <field name="photo" type="base64" file="openeducat_core/static/img/student_17.jpg" />
        </record>

        <record id="op_student_18" model="op.student">
            <field name="photo" type="base64" file="openeducat_core/static/img/student_18.jpg" />
        </record>

        <record id="op_student_19" model="op.student">
            <field name="photo" type="base64" file="openeducat_core/static/img/student_19.jpg" />
        </record>

        <record id="op_student_20" model="op.student">
            <field name="photo" type="base64" file="openeducat_core/static/img/student_20.jpg" />
        </record>

    </data>
</openerp>
