id,name,model_id:id,group_id:id,perm_read,perm_write,perm_create,perm_unlink
access_hr_contract_init_hro,access_hr_contract_initial,model_hr_contract_init,base.group_hr_user,1,0,0,0
access_hr_contract_init_hrd,access_hr_contract_initial,model_hr_contract_init,hr_security.group_hr_director,1,1,1,1
access_hr_contract_init_payroll,access_hr_contract_initial,model_hr_contract_init,hr_security.group_payroll_manager,1,0,0,0
access_hr_contract_init_wage_hro,access_hr_contract_initial_wage,model_hr_contract_init_wage,base.group_hr_user,1,0,0,0
access_hr_contract_init_wage_hrd,access_hr_contract_initial_wage,model_hr_contract_init_wage,hr_security.group_hr_director,1,1,1,1
access_hr_contract_init_wage_payroll,access_hr_contract_initial_wage,model_hr_contract_init_wage,hr_security.group_payroll_manager,1,0,0,0
