id,name,author_ids:id,course_ids:id,edition,isbn,internal_code,subject_ids:id,tags:id,publisher_ids:id
op_book_1,Troposhere In Detail,op_author_1,openeducat_core.op_course_1,3rd Edition,234332232323,123322223,"openeducat_core.op_subject_1,openeducat_core.op_subject_4","op_tag_1,op_tag_2,op_tag_4",op_publisher_1
op_book_2,Land Restoration Techniques-Science,op_author_6,openeducat_core.op_course_1,3rd Edition,334432323323,343323235,"openeducat_core.op_subject_3,openeducat_core.op_subject_5","op_tag_1,op_tag_4,op_tag_5,op_tag_6",op_publisher_2
op_book_3,Basic Accounting,op_author_2,openeducat_core.op_course_2,4th Edition,634483832909,843833433,openeducat_core.op_subject_6,op_tag_7,op_publisher_3
op_book_4,Advanced Accounting,op_author_5,openeducat_core.op_course_2,1st Edition,7556876754545,8765643564,"openeducat_core.op_subject_10,openeducat_core.op_subject_12",op_tag_7,op_publisher_1
