<openerp>
  <data>
    <record id="account_period_u30_installer_form" model="ir.ui.view">
      <field name="name">account.period.u30.installer.form</field>
      <field name="model">account.period.u30.installer</field>
      <field name="type">form</field>
      <field name="inherit_id" ref="base.res_config_installer"/>
      <field name="arch" type="xml">
        <data>
          <form position="attributes">
            <attribute name="string">Add U30 VAT declaration to account period</attribute>
          </form>
          <separator string="title" position="attributes">
            <attribute name="string">Add U30 VAT decalaration to all account periods</attribute>
          </separator>
        </data>
      </field>
    </record>
    <record id="action_account_period_u30_installer" model="ir.actions.act_window">
      <field name="name">Add U30 VAT declaration to account period</field>
      <field name="type">ir.actions.act_window</field>
      <field name="res_model">account.period.u30.installer</field>
      <field name="view_id" ref="account_period_u30_installer_form"/>
      <field name="view_type">form</field>
      <field name="view_mode">form</field>
      <field name="target">new</field>
    </record>
    <record id="account_period_U30_installer_todo" model="ir.actions.todo">
      <field name="action_id" ref="action_account_period_u30_installer"/>
      <field name="type">automatic</field>
    </record>
  </data>
</openerp>

