<?xml version='1.0' encoding='UTF-8'?>
<openerp>
  <data noupdate="1">
    <record model="xml.template" id="xml_template_U30" forcecreate="True">
      <field name="name">U30 VAT declaration</field>
      <field name="schema">http://www.bmf.gv.at/EGovernment/FINANZOnline/InformationenfrSoft_3165/Umsatzsteuervoranme_11373/ERKLAERUNGS_UEBERMITTLUNG_U30(2).xsd</field>
      <field name="content" type="xml">
        <!-- Umsatzsteuervoranmeldung ab 01/2009 - Stand: 11.01.2013-->
        <ERKLAERUNGS_UEBERMITTLUNG>
          <INFO_DATEN>
            <ART_IDENTIFIKATIONSBEGRIFF text-eval="'FASTNR'"/>
            <IDENTIFIKATIONSBEGRIFF text-eval="tax_nr"/>
            <PAKET_NR text-eval="paket_nr"/>
            <DATUM_ERSTELLUNG type="datum" text-eval="datum"/>
            <UHRZEIT_ERSTELLUNG type="uhrzeit" text-eval="uhrzeit"/>
            <ANZAHL_ERKLAERUNGEN text-eval="1"/>
          </INFO_DATEN>
          <ERKLAERUNG art="U30">
            <SATZNR text-eval="paket_nr"/>
            <ALLGEMEINE_DATEN>
              <ANBRINGEN text-eval="'U30'"/>
              <ZRVON type="jahrmonat" text-eval="beginn"/>
              <ZRBIS type="jahrmonat" text-eval="ende"/>
              <FASTNR text-eval="tax_nr"/>
              <KUNDENINFO text-eval="period.company_id.name"/>
            </ALLGEMEINE_DATEN>
            <LIEFERUNGEN_LEISTUNGEN_EIGENVERBRAUCH>
              <KZ000 type="kz" text-eval="kz(period, 'KZ000')"/>
              <KZ001 type="kz" text-eval="kz(period, 'KZ001')"/>
              <KZ021 type="kz" text-eval="kz(period, 'KZ021')"/>
              <STEUERFREI>
                <KZ011 type="kz" text-eval="kz(period, 'KZ011')"/>
                <KZ012 type="kz" text-eval="kz(period, 'KZ012')"/>
                <KZ015 type="kz" text-eval="kz(period, 'KZ015')"/>
                <KZ017 type="kz" text-eval="kz(period, 'KZ017')"/>
                <KZ018 type="kz" text-eval="kz(period, 'KZ018')"/>
                <KZ019 type="kz" text-eval="kz(period, 'KZ019')"/>
                <KZ016 type="kz" text-eval="kz(period, 'KZ016')"/>
                <VST text-eval="vst"/>
                <KZ020 type="kz" text-eval="kz(period, 'KZ020')"/>
              </STEUERFREI>
              <VERSTEUERT>
                <KZ022 type="kz" text-eval="kz(period, 'KZ022')"/>
                <KZ029 type="kz" text-eval="kz(period, 'KZ029')"/>
                <KZ025 type="kz" text-eval="kz(period, 'KZ025')"/>
                <KZ037 type="kz" text-eval="kz(period, 'KZ037')"/>
                <KZ052 type="kz" text-eval="kz(period, 'KZ052')"/>
                <KZ038 type="kz" text-eval="kz(period, 'KZ038')"/>
                <KZ056 type="kz" text-eval="kz(period, 'KZ056')"/>
                <KZ057 type="kz" text-eval="kz(period, 'KZ057')"/>
                <KZ048 type="kz" text-eval="kz(period, 'KZ048')"/>
                <KZ044 type="kz" text-eval="kz(period, 'KZ044')"/>
                <KZ032 type="kz" text-eval="kz(period, 'KZ032')"/>
              </VERSTEUERT>
            </LIEFERUNGEN_LEISTUNGEN_EIGENVERBRAUCH>
            <INNERGEMEINSCHAFTLICHE_ERWERBE>
              <KZ070 type="kz" text-eval="kz(period, 'KZ070')"/>
              <KZ071 type="kz" text-eval="kz(period, 'KZ071')"/>
              <VERSTEUERT_IGE>
                <KZ072 type="kz" text-eval="kz(period, 'KZ072')"/>
                <KZ073 type="kz" text-eval="kz(period, 'KZ073')"/>
                <KZ088 type="kz" text-eval="kz(period, 'KZ088')"/>
                <KZ076 type="kz" text-eval="kz(period, 'KZ076')"/>
                <KZ077 type="kz" text-eval="kz(period, 'KZ077')"/>
              </VERSTEUERT_IGE>
            </INNERGEMEINSCHAFTLICHE_ERWERBE>
            <VORSTEUER>
              <KZ060 type="kz" text-eval="kz(period, 'KZ060')"/>
              <KZ061 type="kz" text-eval="kz(period, 'KZ061')"/>
              <KZ083 type="kz" text-eval="kz(period, 'KZ083')"/>
              <KZ065 type="kz" text-eval="kz(period, 'KZ065')"/>
              <KZ066 type="kz" text-eval="kz(period, 'KZ066')"/>
              <KZ082 type="kz" text-eval="kz(period, 'KZ082')"/>
              <KZ087 type="kz" text-eval="kz(period, 'KZ087')"/>
              <KZ089 type="kz" text-eval="kz(period, 'KZ089')"/>
              <KZ064 type="kz" text-eval="kz(period, 'KZ064')"/>
              <KZ062 type="kz" text-eval="kz(period, 'KZ062')"/>
              <KZ063 type="kz" text-eval="kz(period, 'KZ063')"/>
              <KZ067 type="kz" text-eval="kz(period, 'KZ067')"/>
              <KZ027 type="kz" text-eval="kz(period, 'KZ027')"/>
              <KZ028 type="kz" text-eval="kz(period, 'KZ028')"/>
              <KZ090 type="kz" text-eval="kz(period, 'KZ090')"/>
              <ARE text-eval="are"/>
              <REPO text-eval="repo"/>
            </VORSTEUER>
          </ERKLAERUNG>
        </ERKLAERUNGS_UEBERMITTLUNG>
      </field>
    </record>
  </data>
</openerp>

