<?xml version='1.0' encoding='UTF-8'?>
<openerp>
<data noupdate="1">
    <record id="hr_contract_company" model="ir.rule">
        <field name="name">Contrats of my Company</field>
        <field name="model_id" ref="hr_contract.model_hr_contract"/>
        <field name="perm_read" eval="True"/>
        <field name="perm_write" eval="True"/>
        <field name="perm_create" eval="True"/>
        <field name="perm_unlink" eval="True"/>
        <field eval="True" name="global"/>
        <field name="domain_force">['|',('employee_id.company_id','=',False),('employee_id.company_id','child_of',[user.company_id.id])]</field>
    </record>
    
    <record id="hr_salary_rules_company" model="ir.rule">
        <field name="name">Salary rules of my Company</field>
        <field name="model_id" ref="hr_payroll.model_hr_salary_rule"/>
        <field name="perm_read" eval="True"/>
        <field name="perm_write" eval="True"/>
        <field name="perm_create" eval="True"/>
        <field name="perm_unlink" eval="True"/>
        <field eval="False" name="global"/>
        <field name="domain_force">['|',('company_id','=',False),('company_id','child_of',[user.company_id.id])]</field>
    </record>

    <record id="hr_payroll_structure_company" model="ir.rule">
        <field name="name">Salary structures of my Company</field>
        <field name="model_id" ref="hr_payroll.model_hr_payroll_structure"/>
        <field name="perm_read" eval="True"/>
        <field name="perm_write" eval="True"/>
        <field name="perm_create" eval="True"/>
        <field name="perm_unlink" eval="True"/>
        <field eval="False" name="global"/>
        <field name="domain_force">['|',('company_id','=',False),('company_id','child_of',[user.company_id.id])]</field>
    </record>

    <record id="hr_payroll_batches_company" model="ir.rule">
        <field name="name">Payslips batches of my Company</field>
        <field name="model_id" ref="hr_payroll.model_hr_payslip_run"/>
        <field name="perm_read" eval="True"/>
        <field name="perm_write" eval="True"/>
        <field name="perm_create" eval="True"/>
        <field name="perm_unlink" eval="True"/>
        <field eval="False" name="global"/>
        <field name="domain_force">['|',('journal_id.company_id','=',False),('journal_id.company_id','child_of',[user.company_id.id])]</field>
    </record>

    <record id="hr_employee_payslips_company" model="ir.rule">
        <field name="name">Employee payslips my Company</field>
        <field name="model_id" ref="hr_payroll.model_hr_payslip"/>
        <field name="perm_read" eval="True"/>
        <field name="perm_write" eval="True"/>
        <field name="perm_create" eval="True"/>
        <field name="perm_unlink" eval="True"/>
        <field eval="False" name="global"/>
        <field name="domain_force">['|',('company_id','=',False),('company_id','child_of',[user.company_id.id])]</field>
    </record>
</data>
</openerp>
