"id","allocated_date","student_ids:id","hostel_id:id","rent","name:id","students_per_room"
"op_hostel_room_1","2015-10-13","openeducat_core.op_student_17_res_partner,openeducat_core.op_student_4_res_partner,openeducat_core.op_student_1_res_partner,openeducat_core.op_faculty_8_res_partner","op_hostel_1","2300.0","op_room_1","5"
"op_hostel_room_2","","","op_hostel_1","0.0","op_room_3","5"
"op_hostel_room_3","2015-08-03","openeducat_core.op_student_10_res_partner,openeducat_core.op_student_16_res_partner,openeducat_core.op_student_7_res_partner,openeducat_core.op_student_6_res_partner,openeducat_core.op_student_5_res_partner,openeducat_core.op_student_2_res_partner","op_hostel_2","2500.0","op_room_2","6"
"op_hostel_room_4","","","op_hostel_2","0.0","op_room_4","5"
