<?xml version="1.0" encoding="utf-8"?>
<openerp>
	<data>

		<!-- Account Tax Form View -->
		<record id="view_account_tax_inherit_form_taxcateg" model="ir.ui.view">
			<field name="name">account.tax.inherit.form.tax.categ</field>
			<field name="model">account.tax</field>
			<field name="inherit_id" ref="account.view_tax_form" />
			<field name="arch" type="xml">
				<field name="description" position="after">
					<field name="tax_categ" on_change="onchange_tax_type(name, tax_categ)"/>
					<field name="is_form" groups="l10n_in_base.group_inter_state_tax_config" />
				</field>
			</field>
		</record>

		<!-- Account Tax Search View -->
		<record id="view_account_tax_categ_search" model="ir.ui.view">
			<field name="name">account.tax.categ.search</field>
			<field name="model">account.tax</field>
			<field name="inherit_id" ref="account.view_account_tax_search" />
			<field name="arch" type="xml">
				<field name="company_id" position="after">
					<field name="tax_categ" />
					<group expand="0" string="Group By...">
						<filter string="Category" context="{'group_by': 'tax_categ'}" />
					</group>
				</field>
			</field>
		</record>

		<record id="view_partner_form" model="ir.ui.view">
			<field name="name">res.partner.form.inherit</field>
			<field name="model">res.partner</field>
			<field name="inherit_id" ref="base.view_partner_form" />
			<field name="arch" type="xml">
				<field name="lang" position="after">
					<field name="pan_no" />
				</field>
			</field>
		</record>

		<!-- Account Tax Form View -->
		<record id="view_invoice_form_inherit_form" model="ir.ui.view">
			<field name="name">account.invoice.form</field>
			<field name="model">account.invoice</field>
			<field name="inherit_id" ref="account.invoice_form" />
			<field name="arch" type="xml">
				<field name="base_amount" position="before">
					<field name="is_form" invisible="1" />
					<field name="form_no" attrs="{'required':[('is_form','=',True)]}"
						groups="l10n_in_base.group_inter_state_tax_config" />
					<field name="date_iseeu" attrs="{'required':[('is_form','=',True)]}"
						groups="l10n_in_base.group_inter_state_tax_config" />
				</field>
				<field name="partner_id" position="before">
					<field name="invoice_type_id" domain="[('type','=',type)]" groups="l10n_in_base.group_invoice_types_config" on_change="onchange_invoice_type(invoice_type_id)"/>
				</field>
			</field>
		</record>
		
		<!-- Account Tax Form View -->
		<record id="view_invoice_form_supplier_inherit_form" model="ir.ui.view">
			<field name="name">account.invoice.supplier.form</field>
			<field name="model">account.invoice</field>
			<field name="inherit_id" ref="account.invoice_supplier_form" />
			<field name="arch" type="xml">
				<field name="partner_id" position="before">
					<field name="invoice_type_id" domain="[('type','=',type)]" groups="l10n_in_base.group_invoice_types_config" on_change="onchange_invoice_type(invoice_type_id)"/>
				</field>
			</field>
		</record>

		<record model="ir.ui.view" id="view_partner_property_form">
			<field name="name">res.parrner.tax.config</field>
			<field name="inherit_id" ref="account.view_partner_property_form" />
			<field name="model">res.partner</field>
			<field name="arch" type="xml">
				<xpath expr="//notebook/page[@string='Accounting']/group"
					position="after">
					<group>
						<group>
							<field name="tin_no" groups="l10n_in_base.group_tin_config" />
							<field name="tin_date" groups="l10n_in_base.group_tin_config" />

							<field name="excise_no" groups="l10n_in_base.group_excise_config" />
							<field name="excise_date" groups="l10n_in_base.group_excise_config" />
						</group>

						<group>
							<field name="cst_no" groups="l10n_in_base.group_cst_config" />
							<field name="cst_date" groups="l10n_in_base.group_cst_config" />

							<field name="service_no" groups="l10n_in_base.group_service_config" />
							<field name="service_date" groups="l10n_in_base.group_service_config" />
						</group>
					</group>
				</xpath>
			</field>
		</record>

		<record id="view_invoice_tax_tree" model="ir.ui.view">
			<field name="name">account.invoice.tax.tree</field>
			<field name="model">account.invoice.tax</field>
			<field name="arch" type="xml">
				<tree string="Manual Invoice Taxes" editable="bottom">
					<field name="sequence" widget="handle"/>
					<field name="invoice_id" readonly="1" />
					<field name="name" invisible="1"/>
					<field name="account_id" groups="account.group_account_user"
						readonly="1" />
					<field name="account_analytic_id"
						domain="[('type','&lt;&gt;','view'), ('company_id', '=', parent.company_id)]"
						groups="analytic.group_analytic_accounting" invisible="True" />
					<field name="manual" invisible="True" />
					<field name="tax_code_id" readonly="1" />
					<field name="tax_amount" readonly="1" />
					<field name="amount" readonly="1" />
					<field name="base" readonly="1" />
					<field name="base_code_id" invisible="True" />
					<field name="base_amount" invisible="True" />
					
					<field name="factor_base" invisible="True" />
					<field name="factor_tax" invisible="True" />
					<field name="is_form"/>
					<field name="form_no" attrs="{'required':[('is_form','=',True)]}" />
					<field name="date_iseeu" attrs="{'required':[('is_form','=',True)]}"/>
					
				</tree>
			</field>
		</record>

		<record id="action_view_invoice_tax_tree" model="ir.actions.act_window">
			<field name="name">Forms Register</field>
			<field name="res_model">account.invoice.tax</field>
			<field name="view_type">form</field>
			<field name="view_mode">tree</field>
			<field name="view_id" ref="view_invoice_tax_tree" />
			<field name="domain">[('is_form','=',True)]</field>
		</record>

		<menuitem action="action_view_invoice_tax_tree" id="menu_action_view_invoice_tax_tree"
			parent="account.menu_finance_entries" sequence="0" groups="l10n_in_base.group_inter_state_tax_config"/>
	
		<!-- Product Category Form View -->
        <record id="view_product_category_inherited_form" model="ir.ui.view">
            <field name="name">product.category.inherited.form</field>
            <field name="model">product.category</field>
            <field name="inherit_id" ref="account.view_category_property_form"/>
            <field name="arch" type="xml">
                <xpath expr="//group[@string='Account Properties']" position="after">
                    <group string="Product Classification" colspan="2" name="Classification">
                        <field name="hsn" groups="l10n_in_base.group_cst_config"/>
                        <field name="chapter_no" groups="l10n_in_base.group_excise_config"/>
                    </group>
                </xpath>
            </field>
        </record>
	</data>
</openerp>
