<?xml version="1.0" encoding="utf-8"?>
<!--
  Copyright (C) 2014 Akretion (http://www.akretion.com)
  @author: Alexis de Lattre <alexis.delattre@akretion.com>
  The licence is in the file __openerp__.py
-->

<openerp>
<data noupdate="1">

<record id="hr.employee_fp" model="hr.employee">
    <field name="default_analytic_account_id" ref="account.analytic_administratif"/>
</record>

<record id="hr.employee_mit" model="hr.employee">
    <field name="default_analytic_account_id" ref="account.analytic_trunk"/>
</record>

<record id="hr.employee_al" model="hr.employee">
    <field name="default_analytic_account_id" ref="account.analytic_trunk"/>
</record>

<record id="hr_expense.sep_expenses" model="hr.expense.expense">
    <field name="default_analytic_account_id" ref="account.analytic_nebula"/>
</record>

<record id="hr_expense.expenses0" model="hr.expense.expense">
    <field name="default_analytic_account_id" ref="account.analytic_consultancy"/>
</record>


</data>
</openerp>
