<?xml version="1.0" encoding="utf-8"?>
<!--
  Copyright (C) 2014 Akretion (http://www.akretion.com)
  @author: Alexis de Lattre <alexis.delattre@akretion.com>
  The licence is in the file __openerp__.py
-->
<openerp>
<data>

<record id="view_employee_form" model="ir.ui.view">
    <field name="name">expense.analytic.default.employee.form</field>
    <field name="model">hr.employee</field>
    <field name="inherit_id" ref="hr.view_employee_form"/>
    <field name="arch" type="xml">
        <page string="HR Settings" position="inside">
            <group name="expense-analytic" string="Analytic on Expenses">
                <field name="default_analytic_account_id"/>
            </group>
        </page>
    </field>
</record>


</data>
</openerp>
