<?xml version="1.0" encoding="UTF-8"?>
<openerp>
  <data>
    <record model="ir.ui.view" id="c2c_product_track_interna_form_view">
      <field name="name">c2c.product.track.internal.form</field>
      <field name="model">product.product</field>
      <field name="inherit_id" ref="stock.view_normal_stock_property_form"/>
      <field name="type">form</field>
      <field name="arch" type="xml">
        <field name="track_outgoing" position="after">
          <field name="track_internal"/>
        </field>
      </field>
    </record>
  </data>
</openerp>
