<?xml version="1.0" encoding="UTF-8"?>
<openerp>
  <data>

    <record model="ir.ui.view" id="mrp_production_lot_form_view">
      <field name="name">mrp.production.lot.form</field>
      <field name="model">mrp.production</field>
      <field name="inherit_id" ref="mrp.mrp_production_form_view"/>
      <field name="type">form</field>
      <field name="arch" type="xml">
          <xpath expr="/form/group/field[@name='product_uom']" position="after">
             <field name="prodlot_id" domain="[('product_id','=',product_id)]"/>
             <newline/>
        </xpath>
      </field>
    </record>

    
    
    <record model="ir.ui.view" id="mrp_production_lot_form1_view">
      <field name="name">mrp.production.lot.form1</field>
      <field name="model">mrp.production</field>
      <field name="inherit_id" ref="mrp.mrp_production_form_view"/>
      <field name="type">form</field>
      <field name="arch" type="xml">
          <xpath expr="/form/notebook/page[@string='Consumed Products']/field[@name='move_lines']/tree/field[@name='prodlot_id']" position="replace">
              <field name="prodlot_id" domain="[('product_id','=',product_id)]" context="{'product_id':product_id}"/>
          </xpath>
      </field>
    </record>
    <record model="ir.ui.view" id="mrp_production_lot_form2_view">
      <field name="name">mrp.production.lot.form2</field>
      <field name="model">mrp.production</field>
      <field name="inherit_id" ref="mrp.mrp_production_form_view"/>
      <field name="type">form</field>
      <field name="arch" type="xml">
          <xpath expr="/form/notebook/page[@string='Consumed Products']/field[@name='move_lines2']/tree/field[@name='prodlot_id']" position="replace">
              <field name="prodlot_id" domain="[('product_id','=',product_id)]" context="{'product_id':product_id}"/>
          </xpath>
      </field>
    </record>
    <record model="ir.ui.view" id="mrp_production_lot_form3_view">
      <field name="name">mrp.production.lot.form3</field>
      <field name="model">mrp.production</field>
      <field name="inherit_id" ref="mrp.mrp_production_form_view"/>
      <field name="type">form</field>
      <field name="arch" type="xml">
          <xpath expr="/form/notebook/page[@string='Finished Products']/field[@name='move_created_ids']/tree/field[@name='prodlot_id']" position="replace">
              <field name="prodlot_id" domain="[('product_id','=',product_id)]"/>
              <button name="%(stock.track_line)d"
                  string="Split in production lots" type="action" icon="gtk-justify-fill"
                  states = "draft" />
              <button name="%(stock.move_scrap)d"
                  string="Scrap Products" type="action" icon="gtk-convert"
                  states = "draft" />
          </xpath>
      </field>
    </record>
    <record model="ir.ui.view" id="mrp_production_lot_form4_view">
      <field name="name">mrp.production.lot.form4</field>
      <field name="model">mrp.production</field>
      <field name="inherit_id" ref="mrp.mrp_production_form_view"/>
      <field name="type">form</field>
      <field name="arch" type="xml">
          <xpath expr="/form/notebook/page[@string='Finished Products']/field[@name='move_created_ids2']/tree/button[@string='Split in production lots']" position="replace">
            
          </xpath>
      </field>
    </record>
    <record model="ir.ui.view" id="mrp_production_lot_form5_view">
      <field name="name">mrp.production.lot.form5</field>
      <field name="model">mrp.production</field>
      <field name="inherit_id" ref="mrp.mrp_production_form_view"/>
      <field name="type">form</field>
      <field name="arch" type="xml">
          <xpath expr="/form/notebook/page[@string='Finished Products']/field[@name='move_created_ids2']/tree/button[@string='Scrap Products']" position="replace">
            
          </xpath>
      </field>
    </record>
    
  </data>
</openerp>
