<openerp>
  <data>
    <record id="base_vat_installer_form" model="ir.ui.view">
      <field name="name">res.partner.base_vat.installer.form</field>
      <field name="model">res.partner.base_vat.installer</field>
      <field name="type">form</field>
      <field name="inherit_id" ref="base.res_config_installer"/>
      <field name="arch" type="xml">
        <data>
          <form position="attributes">
            <attribute name="string">Checking all VATs with VIES</attribute>
          </form>
          <separator string="title" position="attributes">
            <attribute name="string">Checking all VATs with VIES (please be patient)</attribute>
          </separator>
        </data>
      </field>
    </record>
    <record id="action_base_vat_installer" model="ir.actions.act_window">
      <field name="name">Checking all VATs with VIES</field>
      <field name="type">ir.actions.act_window</field>
      <field name="res_model">res.partner.base_vat.installer</field>
      <field name="view_id" ref="base_vat_installer_form"/>
      <field name="view_type">form</field>
      <field name="view_mode">form</field>
      <field name="target">new</field>
    </record>
    <record id="base_vat_installer_todo" model="ir.actions.todo">
      <field name="action_id" ref="action_base_vat_installer"/>
      <field name="type">automatic</field>
    </record>
  </data>
</openerp>

