<?xml version="1.0" encoding="UTF-8"?>
<openerp>
    <data>
        <menuitem id="menu_op_parent_root" name="Parents" sequence="100" groups="group_op_parent,openeducat_core.group_op_back_office_admin"
            web_icon="openeducat_parent,static/description/icon.png" />

        <menuitem id="menu_op_parent_main_parent" name="Parents"
            parent="menu_op_parent_root" sequence="10" groups="group_op_parent,openeducat_core.group_op_back_office_admin" />

        <menuitem id="menu_op_parent_sub_parent" name="Parents"
            parent="menu_op_parent_main_parent" sequence="10"
            action="act_open_op_parent_view" groups="group_op_parent,openeducat_core.group_op_back_office_admin" />

        <menuitem id="menu_op_student_main_parent" name="Students"
            parent="menu_op_parent_root" sequence="20" groups="group_op_parent" />

        <menuitem id="menu_op_student_sub_parent" name="Students"
            parent="menu_op_student_main_parent" sequence="10"
            action="openeducat_core.act_open_op_student_view" groups="group_op_parent" />

        <menuitem name="Human Resources" id="hr.menu_hr_root"
            sequence="110"
            groups="openeducat_core.group_op_back_office,openeducat_core.group_op_back_office_admin,base.group_hr_manager,base.group_hr_user,base.group_user" />
    </data>
</openerp>