<openerp>
    <data>

        <record model="ir.ui.view" id="view_mrp_production_inherit2">
            <field name="name">view.mrp.production.inherit2</field>
            <field name="model">mrp.production</field>
            <field name="inherit_id" ref="mrp_button_box.mrp_buttonbox_production_form"/>
            <field name="arch" type="xml">

                <xpath expr="//div[@name='button_box']" position="inside">

                    <group name="consume_produce" states="in_production">
                        <group name="consume">
                            <button string="Consume" name="%(create_consume_action)d" icon="gtk-ok" type="action" attrs="{'invisible': [('consumed','=',True)]}" groups="mrp_consume_produce.group_mrp_button_consume_produce" class="oe_inline"/>
                            <button string="Finished Consume" name="action_finished_consume" icon="gtk-convert" type="object" attrs="{'invisible': ['|',('consumed','=',True),('moves_lines2','=',0)]}" groups="mrp_consume_produce.group_mrp_button_consume_produce" class="oe_inline"/>
                        </group>
                        <group name="produce">
                            <button string="Produce" name="%(create_produce_action)d" icon="gtk-yes" type="action" attrs="{'invisible': ['|',('len_move','=',0),('state','=','done')]}" groups="mrp_consume_produce.group_mrp_button_consume_produce" class="oe_inline"/>
                        </group>
                    </group>

                </xpath>

                   <xpath expr="//button[@name='%(mrp.act_mrp_product_produce)d']" position="attributes" expxml_f="//button[@name='%(mrp.act_mrp_product_produce)d']">
                       <attribute name="states">in_production</attribute>
                       <attribute name="icon">gtk-ok</attribute>
                       <attribute name="groups">mrp_consume_produce.group_mrp_button_produce</attribute>
                       <attribute name="invisible">1</attribute>
                    </xpath>

                    <xpath expr="//field[@name='origin']" position="after" expxml_f="//field[@name='origin']">
            <field name="consumed"/>
                    </xpath>


                <xpath expr="//button[@name='button_cancel']" position="after" expxml_f="//button[@name='button_cancel']">
                    <button name="action_finish" string="Finish Production" icon="gtk-ok" type="object" attrs="{'invisible': ['|','|',('consumed','=',False),('state','=','done'),('len_move_prod','=',0)]}"/>
                </xpath>


            <xpath expr="//field[@name='origin']" position="after" expxml_f="//field[@name='origin']">
                <field name="len_move" invisible="1"/>
                <field name="len_move_prod" invisible="1"/>
                <field name="moves_lines2" invisible="1"/>
            </xpath>

                <xpath expr="//field[@name='move_created_ids']" position="replace">
                    <field name="move_created_ids" nolabel="1">
                        <tree string="Products to Finish">
                            <field name="product_id"/>
                            <field name="product_qty"/>
                            <field name="product_uom"  string="Unit of Measure" groups="product.group_uom"/>
                            <field name="state" invisible="1"/>
                        </tree>
                    </field>
                </xpath>

        </field>
        </record>

        <record model="ir.ui.view" id="view_mrp_production_colors_inherit">
            <field name="name">view.mrp.production.colors.inherit</field>
            <field name="model">mrp.production</field>
            <field name="inherit_id" ref="mrp.mrp_production_form_view"/>
            <field name="arch" type="xml">
                <xpath expr="//field[@name='move_created_ids2']" position="replace" expxml_f="//field[@name='move_created_ids2']">
                     <field colspan="2" name="move_created_ids2" nolabel="1" domain="[('state','in', ('done', 'cancel'))]" widget="one2many_list" height="275">
                        <tree colors="red:scrapped==True;blue:state == 'draft';black:state in('picking_except','confirmed','ready','in_production');gray:state in('cancel');black:state == 'done' " string="Finished Products">
                           <field name="product_id" readonly="1"/>
                           <field name="product_qty" readonly="1" string="Qty"/>
                           <field name="product_uom" readonly="1" string="UOM"/>
                           <field name="location_dest_id" readonly="1" string="Destination Loc." widget="selection"/>
                           <field name="prodlot_id" context="{'product_id': product_id}"/>
                           <field name="scrapped" invisible="1"/>
                           <field name="state" invisible="1"/>
                           <button name="%(stock.track_line)d" string="Split in production lots" type="action" icon="gtk-justify-fill" states="done,cancel"/>
                           <button name="%(stock.move_scrap)d" string="Scrap Products" type="action" icon="gtk-convert" states="done,cancel"/>
                       </tree>
                    </field>
                </xpath>
            </field>
        </record>

    </data>
</openerp>