<openerp>
    <data>
        <record id="view_mrp_config_inherit" model="ir.ui.view">
            <field name="name">mrp settings</field>
            <field name="model">mrp.config.settings</field>
            <field name="inherit_id" ref="mrp.view_mrp_config"/>
            <field name="arch" type="xml">

                <xpath expr="//group/div/div[3]" position="after" expxml_f="//group/div/div[3]">

                    <div>
                        <field name="group_mrp_consume_produce" class="oe_inline"/>
                        <label for="group_mrp_consume_produce"/>
                    </div>

                </xpath>

            </field>
        </record>
    </data>
</openerp>