<?xml version="1.0" encoding="UTF-8"?>
<openerp>
  <data>
    <record id="config_call_account_template_in_minimal" model="ir.actions.todo">
      <field name="name">Generate Chart of Accounts from a Chart Template</field>
      <field name="note">Generate Chart of Accounts from a Chart Template. You will be asked to pass the name of the company, the chart template to follow, the no. of digits to generate the code for your accounts and Bank account, currency to create Journals. Thus,the pure copy of chart Template is generated.&#xA;    This is the same wizard that runs from Financial Management/Configuration/Financial Accounting/Financial Accounts/Generate Chart of Accounts from a Chart Template.</field>
      <field name="action_id" ref="account.action_wizard_multi_chart"/>
      <field name="state">open</field>
    </record>
  </data>
</openerp>
