<?xml version="1.0" encoding="UTF-8"?>
<openerp>
    <data>
        <record model="ir.actions.act_window" id="act_op_faculty_period_today">
            <field name="name">Book</field>
            <field name="type">ir.actions.act_window</field>
            <field name="res_model">op.timetable</field>
            <field name="view_type">form</field>
            <field name="view_mode">calendar,form</field>
            <field name="view_id" ref="view_op_timetable_calendar" />
            <field name="search_view_id" ref="view_op_timetable_search" />
            <field name="domain">[('start_datetime','&gt;=',time.strftime('%Y-%m-%d
                00:00:00')),('start_datetime','&lt;=',time.strftime('%Y-%m-%d
                23:59:59'))]</field>
            <field name="context">{'search_default_today':1}</field>
        </record>
        <record model="ir.ui.view" id="timetable_faculty_dashboard_form_view">
            <field name="name">board.faculty.form</field>
            <field name="model">board.board</field>
            <field name="inherit_id" ref="openeducat_core.board_faculty_form" />
            <field name="arch" type="xml">
                <xpath expr="//board" position="inside">
                    <column>
                        <action name="%(act_op_faculty_period_today)d" string="Lectures for Today" />
                    </column>
                </xpath>
            </field>
        </record>
    </data>
</openerp>
