<?xml version="1.0"?>
<openerp>
    <data>

        <!-- Invoice Line Purchase UoM -->
        <record model="ir.ui.view" id="view_account_invoice_form_line_puom">
            <field name="name">account.invoice.line.form.puom</field>
            <field name="model">account.invoice.line</field>
            <field name="inherit_id" ref="account.view_invoice_line_form"/>
            <field name="arch" type="xml">
                <field name="account_id" position="after">
                    <field name="pur_line_qty"/>
                    <field name="pur_line_uom_id"/>
                    <field name="variation_amount"/>
                </field>
            </field>
        </record>

        <record model="ir.ui.view" id="view_account_invoice_tree_line_puom">
            <field name="name">account.invoice.supplier.tree.puom</field>
            <field name="model">account.invoice</field>
            <field name="inherit_id" ref="account.invoice_supplier_form"/>
            <field name="arch" type="xml">
                <xpath expr="//field[@name='invoice_line']/tree/field[@name='quantity']" position="before">
                    <field name="pur_line_qty"/>
                    <field name="pur_line_uom_id"/>
                </xpath>
                <xpath expr="//field[@name='invoice_line']/tree/field[@name='invoice_line_tax_id']" position="after">
                    <field name="variation_amount"/>
                </xpath>
                <xpath expr="//field[@name='invoice_line']/tree/field[@name='quantity']" position="attributes">
                    <attribute name="string">Issue Qty.</attribute>
                </xpath>
                <xpath expr="//field[@name='invoice_line']/tree/field[@name='uos_id']" position="attributes">
                    <attribute name="string">Issue UoM</attribute>
                </xpath>
            </field>
        </record>

    </data>
</openerp>
