<?xml version="1.0" encoding="utf-8"?>
<openerp>
	<data>


        <record id="workorders_form_moves_lines2" model="ir.ui.view">
            <field name="name">mrp.production.workcenter.tree.buttons</field>
            <field name="model">mrp.production</field>
            <field name="inherit_id" ref="mrp_operations.mrp_production_form_inherit_view2" />
            <field name="arch" type="xml">
                <xpath
                    expr="//field[@name='workcenter_lines']/tree//button[@name='button_start_working']"
                    position="replace">
                    <button name="action_to_start_working" string="Start"
                        states="draft" icon="gtk-media-play" help="Start Workingss" type="object" />
                </xpath>
                <xpath
                    expr="//field[@name='workcenter_lines']/tree//button[@name='button_draft']"
                    position="replace">
                </xpath>
                <xpath
                    expr="//field[@name='workcenter_lines']/tree//button[@name='button_done']"
                    position="replace">
                    <button name="action_finish" string="Finished" states="startworking"
                        icon="terp-check" help="Finish Order" type="object" />
                </xpath>
            </field>
        </record>

		<record id="workorders_form_moves_lines" model="ir.ui.view">
			<field name="name">mrp.production.form.inherit</field>
			<field name="model">mrp.production</field>
			<field name="inherit_id" ref="mrp_operations.mrp_production_form_inherit_view" />
			<field name="arch" type="xml">
				<!-- Updated button_draft, button_start_working, button_cancel, button_done 
					into button object instead of workflow -->
				<xpath
					expr="//field[@name='workcenter_lines']/form//button[@name='button_cancel']"
					position="replace">
					<button name="action_cancelled" string="Cancel Order"
						states="draft,startworking" icon="gtk-stop" help="Cancel Order"
						type="object" />
				</xpath>
				<xpath
					expr="//field[@name='workcenter_lines']/form//button[@name='button_done']"
					position="replace">
					<button name="action_finish" string="Finished" states="startworking"
						icon="terp-check" help="Finish Order" type="object" />
				</xpath>

				<!-- xpath
					expr="//field[@name='workcenter_lines']/tree//button[@name='button_start_working']"
					position="replace">
					<button name="action_to_start_working" string="Start"
						states="draft" icon="gtk-media-play" help="Start Workingss" type="object" />
				</xpath -->

				<xpath
					expr="//field[@name='workcenter_lines']/form//button[@name='button_start_working']"
					position="replace">
					<button name="action_to_start_working" string="Start"
						states="draft" icon="gtk-media-play" help="Start Workingss" type="object" />
				</xpath>

				<xpath
					expr="//field[@name='workcenter_lines']/form//button[@name='button_draft']"
					position="before">
					<button name="add_consume_product" string="+(Add Product)"
						help="Add consume product to work-order" type="object" class="oe_highlight"
						attrs="{'invisible': ['|',('state','not in', ('startworking','pause')), ('order_type','=','out')]}" />

					<button name="dummy_button" string="⟳ (Update)" help="Take-In to WorkCenter"
						type="object" class="oe_highlight" />
				</xpath>

				<xpath
					expr="//field[@name='workcenter_lines']/form//button[@name='button_draft']"
					position="replace">
				</xpath>
				<!-- xpath
					expr="//field[@name='workcenter_lines']/tree//button[@name='button_draft']"
					position="replace">
				</xpath -->

				<xpath
					expr="//field[@name='workcenter_lines']/form//field[@name='cycle']"
					position="before">
					<field name="delay" readonly="1" string="Total Time" />
					<field name="date_start" readonly="1" string="Start Date" />
					<field name="temp_date_finished" readonly="1" string="Stop Date" />

				</xpath>

				<xpath
					expr="//field[@name='workcenter_lines']/tree//field[@name='cycle']"
					position="before">
					<field name="order_type" string="Type" />
					<field name="date_start" readonly="1" string="Start Date" />
					<field name="temp_date_finished" readonly="1" string="Stop Date" />
					<field name="delay" readonly="1" string="Time(HH:MM)" />
				</xpath>

				<xpath
					expr="//field[@name='workcenter_lines']/form//field[@name='cycle']"
					position="attributes">
					<attribute name="invisible">1</attribute>
				</xpath>
				<xpath expr="//field[@name='workcenter_lines']/form//field[@name='hour']"
					position="attributes">
					<attribute name="invisible">1</attribute>
				</xpath>

				<!-- <xpath expr="//field[@name='workcenter_lines']/tree" position="attributes"> 
					<attribute name="delete">false</attribute> </xpath> -->

				<xpath expr="//field[@name='move_lines']" position="attributes">
					<attribute name="readonly">1</attribute>
				</xpath>

				<xpath expr="//field[@name='move_lines']/tree/field[@name='product_id']"
					position="after">
					<field name="moves_to_workorder" invisible="1" />
				</xpath>

				<xpath
					expr="//field[@name='move_lines']/tree/button[@string='Split in Serial Numbers']"
					position="replace">
					<button name="%(stock.track_line)d" string="Split in Serial Numbers"
						type="action" icon="gtk-justify-fill" groups="stock.group_production_lot"
						attrs="{'invisible': [('moves_to_workorder','=',True)]}" />
				</xpath>


				<xpath expr="//field[@name='move_lines2']" position="attributes">
					<attribute name="readonly">1</attribute>
				</xpath>

                <xpath expr="//field[@name='move_lines2']/tree/field[@name='product_id']" position="after">
                    <field name="extra_consumed" readonly="1"/>
                </xpath>

				<xpath expr="//field[@name='move_created_ids']" position="attributes">
					<attribute name="readonly">1</attribute>
				</xpath>
				<xpath expr="//field[@name='move_created_ids2']" position="attributes">
					<attribute name="readonly">1</attribute>
				</xpath>


				<xpath expr="//field[@name='workcenter_lines']/tree" position="attributes">
					<attribute name="colors">blue:state in
						('draft','pause');black:state == 'startworking';red:state in
						('cancel');gray:state in ('done','')
					</attribute>
				</xpath>

				<xpath
					expr="//field[@name='move_lines']/tree/button[@string='Scrap Products']"
					position="replace">
				</xpath>

				<xpath
					expr="//field[@name='move_lines']/tree/button[@string='Consume Products']"
					position="replace">
				</xpath>

				<xpath expr="//sheet/group/group[3]" position="replace">
				</xpath>

				<field name="date_planned" position="after">
					<field name="moves_to_workorder" string="Materials moved to workcenter?"
						readonly="1" />
					<field name="location_src_id" domain="[('usage','=','internal')]"
						on_change="location_id_change(location_src_id,location_dest_id)" />
				</field>

				<field name="origin" position="after">
					<field name="location_dest_id" domain="[('usage','=','internal')]" />
				</field>

				<xpath expr="//button[@name='button_produce']" position="before">
					<button name="product_moves_to_workcenter" string="Products Moves To WorkCenter"
						type="object" class="oe_highlight"
						attrs="{'invisible': ['|',('state','!=', 'ready'), ('moves_to_workorder','=',True)]}" />
				</xpath>
				<xpath expr="//button[@name='button_produce']" position="replace" />
				<xpath expr="//button[@string='Produce']" position="replace" />
				<xpath expr="//button[@name='force_production']" position="replace" />

                <xpath expr="//button[@name='action_cancel']" position="before">
                    <button name="open_procurements" string="Open Procurements"
                        states="confirmed" help="Procurments to check for waiting materials.."
                        type="object" class="oe_highlight"/>
                </xpath>

				<!-- xpath
					expr="//field[@name='workcenter_lines']/tree//button[@name='button_done']"
					position="replace">
					<button name="action_finish" string="Finished" states="startworking"
						icon="terp-check" help="Finish Order" type="object" />
				</xpath -->

				<xpath expr="//field[@name='workcenter_lines']/form" position="inside">
					<notebook>
						<page string="Raw Materials To Process">
							<group string="Raw Materials To Process" colspan="4">
								<field name="moves_workorder" nolabel="1" colspan="4"
									mode="tree" options="{'always_reload': True,'reload_on_button': True}">
									<tree string="Raw Materials To Process" create="false"
										delete="false" editable="bottom"
										colors="blue:state == 'draft';black:state == 'in_progress';red:state in ('cancelled','rejected');gray:state in ('finished');green:state in ('consumed')">
										<field name="move_id" invisible="1" />
										<field name="workorder_id" invisible="1" />
										<field name="name" invisible="1" />
										<field name="product_id" readonly="1" />
										<field name="prodlot_id" readonly="1" />
										<field name="total_qty" readonly="1" />
										<field name="process_qty" readonly="1" />
										<field name="accepted_qty" readonly="1" />
										<field name="rejected_qty" readonly="1" />
										<field name="start_date" readonly="1" />
										<field name="end_date" readonly="1" />

										<!-- For OutSourcing Process -->
										<field name="order_type" invisible="1" />
										<field name="service_supplier_id"
											attrs="{'invisible':[('order_type','=','in')], 'required':[('order_type','=','out')]}" />
										<field name="po_order_id" readonly="1"
											attrs="{'invisible':[('order_type','=','in')]}" />

										<field name="state" readonly="1" />
										<!-- field name="reason" readonly="1" / -->
										<button name="button_to_start" string="Start" states="draft"
											icon="gtk-media-play" help="Start Working" type="object" />
										<button name="button_to_reject" string="Reject Quantity"
											states="in_progress" icon="gtk-stop" help="Reject Quantity"
											type="object" />
										<button name="button_to_draft" string="Set Draft"
											states="cancel" icon="gtk-convert" help="Set to Draft" type="object" />
										<button name="button_to_finish" string="Finished"
											states="in_progress" icon="terp-check" help="Finish Product"
											type="object" />
										<button name="button_to_consume" string="Consume Product"
											states="in_progress" icon="gtk-go-forward" context="{'consume': True}"
											help="Consume Product" type="object" />
									</tree>
									<form string="Products To Process" version="7.0">
										<header colspan="8">
											<button name="button_to_start" string="Start" states="draft"
												icon="gtk-media-play" help="Start Working" type="object" />
											<button name="button_to_reject" string="Reject Quantity"
												states="in_progress" icon="gtk-stop" help="Reject Quantity"
												type="object" />
											<button name="button_to_draft" string="Set Draft"
												states="cancel" icon="gtk-convert" help="Set to Draft" type="object" />
											<button name="button_to_finish" string="Finished"
												states="in_progress" icon="terp-check" help="Finish Product" />
											<field name="state" widget="statusbar" type="object" />
										</header>
										<group>
											<group>
												<field name="name" />
												<field name="total_qty" readonly="1" />
											</group>
											<group>
												<field name="product_id" readonly="1" />
												<field name="accepted_qty" readonly="1" />
												<field name="rejected_qty" readonly="1" />
											</group>
										</group>
										<!-- field name="reason" nolabel="1" colspan="4" placeholder="Add 
											reason for rejection..." readonly="1" / -->
									</form>
								</field>
							</group>
						</page>
						<page string="Rejected Raw Materials">
							<group string="Rejected Raw Materials" colspan="4">
								<field name="moves_rejection" nolabel="1" colspan="4"
									mode="tree" options="{'always_reload': True,'reload_on_button': True}">
									<tree string="Rejected Raw Materials" create="false"
										delete="false" editable="bottom"
										colors="red:state in ('cancelled','rejected')">
										<field name="move_id" invisible="1" />
										<field name="rejected_workorder_id" invisible="1" />
										<field name="name" invisible="1" />
										<field name="product_id" readonly="1" />
										<field name="prodlot_id" readonly="1" />
										<field name="rejected_qty" readonly="1" />
										<field name="rejected_location_id" readonly="1" />
										<field name="rejected_date" readonly="1" />
										<field name="reallocate_date" readonly="1" />
										<field name="reason" readonly="1" />
										<field name="state" readonly="1" />
										<field name="is_reallocate" readonly="1" />
										<button name="button_to_reallocate" string="Re-Allocate"
											icon="terp-gtk-go-back-rtl" help="Process fresh quantity to re-allocate"
											attrs="{'invisible':[('is_reallocate', '=', True)]}" type="object" />
									</tree>
								</field>
							</group>
						</page>
					</notebook>
				</xpath>
				<xpath expr="//field[@name='workcenter_lines']/tree/field[@name='hour']"
					position="attributes">
					<attribute name="invisible">1</attribute>
				</xpath>
				<xpath expr="//field[@name='workcenter_lines']/tree/field[@name='cycle']"
					position="attributes">
					<attribute name="invisible">1</attribute>
				</xpath>

				<xpath expr="//field[@name='workcenter_lines']/form//field[@name='name']"
					position="after">
					<field name="order_type" />
					<!-- field name="po_order_id" attrs="{'invisible':[('order_type','!=','out')]}" 
						readonly="1" /> <field name="service_supplier_id" attrs="{'required':[('order_type','=','out')], 
						'invisible':[('order_type','!=','out')]}" /> <field name="service_description" 
						attrs="{'required':[('order_type','=','out')], 'invisible':[('order_type','!=','out')]}" 
						/ -->

				</xpath>

			</field>
		</record>


		<record model="ir.ui.view"
			id="mrp_production_workcenter_form_view_process_lines">
			<field name="name">mrp.production.workcenter.line.form.process.lines
			</field>
			<field name="model">mrp.production.workcenter.line</field>
			<field name="inherit_id"
				ref="mrp_operations.mrp_production_workcenter_form_view_inherit" />
			<field name="arch" type="xml">
				<page string="Information" position="before">
					<page string="Process Materials">
						<group string="Raw Materials To Process" colspan="4">
							<field name="moves_workorder" nolabel="1" colspan="4" mode="tree"
								options="{'always_reload': True,'reload_on_button': True}">
								<tree string="Raw Materials To Process" create="false"
									delete="false" editable="bottom"
									colors="blue:state == 'draft';black:state == 'in_progress';red:state in ('cancelled','rejected');gray:state in ('finished')">
									<field name="move_id" invisible="1" />
									<field name="workorder_id" invisible="1" />
									<field name="name" invisible="1" />
									<field name="product_id" readonly="1" />
									<field name="prodlot_id" readonly="1" />
									<field name="total_qty" readonly="1" />
									<field name="process_qty" readonly="1" />
									<field name="accepted_qty" readonly="1" />
									<field name="rejected_qty" readonly="1" />
									<field name="start_date" readonly="1" />
									<field name="end_date" readonly="1" />

									<!-- For OutSourcing Process -->
									<field name="order_type" invisible="1" />
									<field name="service_supplier_id" readonly="1"
										attrs="{'invisible':[('order_type','=','in')]}" />
									<field name="po_order_id" readonly="1"
										attrs="{'invisible':[('order_type','=','in')]}" />

									<field name="state" readonly="1" />
									<!-- field name="reason" readonly="1" / -->
									<button name="button_to_start" string="Start" states="draft"
										icon="gtk-media-play" help="Start Working" type="object" />
									<button name="button_to_reject" string="Reject Quantity"
										states="in_progress" icon="gtk-stop" help="Reject Quantity"
										type="object" />
									<button name="button_to_draft" string="Set Draft"
										states="cancel" icon="gtk-convert" help="Set to Draft" type="object" />
									<button name="button_to_finish" string="Finished"
										states="in_progress" icon="terp-check" help="Finish Product"
										type="object" />
								</tree>
								<form string="Products To Process" version="7.0">
									<header colspan="8">
										<button name="button_to_start" string="Start" states="draft"
											icon="gtk-media-play" help="Start Working" type="object" />
										<button name="button_to_reject" string="Reject Quantity"
											states="in_progress" icon="gtk-stop" help="Reject Quantity"
											type="object" />
										<button name="button_to_draft" string="Set Draft"
											states="cancel" icon="gtk-convert" help="Set to Draft" type="object" />
										<button name="button_to_finish" string="Finished"
											states="in_progress" icon="terp-check" help="Finish Product" />
										<field name="state" widget="statusbar" type="object" />
									</header>
									<group>
										<group>
											<field name="name" />
											<field name="total_qty" readonly="1" />
										</group>
										<group>
											<field name="product_id" readonly="1" />
											<field name="accepted_qty" readonly="1" />
											<field name="rejected_qty" readonly="1" />
										</group>
									</group>
									<!-- field name="reason" nolabel="1" colspan="4" placeholder="Add 
										reason for rejection..." readonly="1" / -->
								</form>
							</field>
						</group>
						<group string="Rejected Raw Materials" colspan="4">
							<field name="moves_rejection" nolabel="1" colspan="4" mode="tree"
								options="{'always_reload': True,'reload_on_button': True}">
								<tree string="Rejected Raw Materials" create="false"
									delete="false" editable="bottom" colors="red:state in ('cancelled','rejected')">
									<field name="move_id" invisible="1" />
									<field name="rejected_workorder_id" invisible="1" />
									<field name="name" invisible="1" />
									<field name="product_id" readonly="1" />
									<field name="prodlot_id" readonly="1" />
									<field name="rejected_qty" readonly="1" />
									<field name="rejected_location_id" readonly="1" />
									<field name="rejected_date" readonly="1" />
									<field name="reallocate_date" readonly="1" />
									<field name="reason" readonly="1" />
									<field name="state" readonly="1" />
									<field name="is_reallocate" readonly="1" />
									<button name="button_to_reallocate" string="Re-Allocate"
										icon="terp-gtk-go-back-rtl" help="Process fresh quantity to re-allocate"
										attrs="{'invisible':[('is_reallocate', '=', True)]}" type="object" />
								</tree>
							</field>
						</group>
					</page>
				</page>
				<!-- button name="button_draft" position="before"> <button name="dummy_button" 
					string="⟳ (Update)" help="Take-In to WorkCenter" type="object" class="oe_highlight" 
					/> </button -->

				<field name="sequence" position="after">
					<field name="order_type" readonly="1" />
					<!-- field name="po_order_id" attrs="{'invisible':[('order_type','!=','out')]}" 
						readonly="1" /> <field name="service_supplier_id" attrs="{'required':[('order_type','=','out')], 
						'invisible':[('order_type','!=','out')]}" readonly="1" / -->
				</field>

				<button name="button_start_working" position="replace" />
				<button name="button_resume" position="replace" />
				<button name="button_done" position="replace" />
				<button name="button_pause" position="replace" />
				<button name="button_draft" position="replace" />
				<button name="button_cancel" position="replace" />

			</field>
		</record>

		<record id="mrp_routing_workcenter_tree_view_in" model="ir.ui.view">
			<field name="name">mrp.routing.workcenter.tree.in</field>
			<field name="model">mrp.routing.workcenter</field>
			<field name="inherit_id" ref="mrp.mrp_routing_workcenter_tree_view" />
			<field name="arch" type="xml">
				<field name="workcenter_id" position="after">
					<field name="order_type" />
				</field>
				<field name="cycle_nbr" position="attributes">
					<attribute name="invisible">1</attribute>
				</field>
				<field name="hour_nbr" position="attributes">
					<attribute name="invisible">1</attribute>
				</field>
			</field>
		</record>

		<record id="mrp_routing_workcenter_form_view_in" model="ir.ui.view">
			<field name="name">mrp.routing.workcenter.form.in</field>
			<field name="model">mrp.routing.workcenter</field>
			<field name="inherit_id" ref="mrp.mrp_routing_workcenter_form_view" />
			<field name="arch" type="xml">
				<field name="workcenter_id" position="after">
					<field name="order_type" required="1" />
					<!-- field name="service_supplier_id" attrs="{'required':[('order_type','=','out')], 
						'invisible':[('order_type','!=','out')]}" / -->
				</field>
				<!-- label for="note" position="replace" />
				<field name="note" position="replace">
					<field name="note"
						attrs="{'required':[('order_type','=','out')], 'invisible':[('order_type','!=','out')]}"
						placeholder="Add service description here(you could change also in manufacturing order)...."
						colspan="4" />
				</field -->
			</field>
		</record>

	</data>
</openerp>
