<?xml version="1.0" encoding="utf-8"?>
<openerp>
	<data>

		<menuitem action="stock.action_picking_tree4" id="stock.menu_action_picking_tree4"
			name="QC/Store Inward" parent="stock.menu_stock_warehouse_mgmt"
			sequence="1" />
		<menuitem action="stock.action_picking_tree6" id="stock.menu_action_picking_tree6"
			name="Internal Picking" parent="stock.menu_stock_warehouse_mgmt"
			sequence="2" groups="stock.group_locations" />


		<record id="stock_picking_out_service_out_order" model="ir.ui.view">
			<field name="name">Outgoing picking Inherited Service Order</field>
			<field name="model">stock.picking.out</field>
			<field name="inherit_id" ref="stock.view_picking_out_form" />
			<field name="arch" type="xml">
				<field name="stock_journal_id" position="after">
					<field name="service_order" readonly="1"
						attrs="{'invisible':[('service_order', '=', False)]}" />
					<field name="workorder_id" readonly="1"
						attrs="{'invisible':[('workorder_id', '=', False)]}" />
				</field>
			</field>
		</record>

		<record id="stock_picking_in_qc_test" model="ir.ui.view">
			<field name="name">Inward Inherited QC Pass</field>
			<field name="model">stock.picking.in</field>
			<field name="inherit_id" ref="stock.view_picking_in_form" />
			<field name="arch" type="xml">
				<field name="date" position="after">
					<field name="pass_to_qc" readonly="1"
						attrs="{'invisible':[('pass_to_qc', '=', False)]}" />
						<!-- field name="total_moves_to_xloc"/ -->
				</field>

				<field name="move_lines" position="attributes">
					<attribute name="context">{'address_in_id': partner_id,
						'picking_type': 'in',
						'qc_control':'no',
						'pass_to_qc':pass_to_qc,
						'form_view_ref':'view_move_picking_form',
						'tree_view_ref':'view_move_picking_tree'}
					</attribute>
				</field>

				<field name="move_lines" position="before">
					<group>
						<field name="qc_loc_id" string="QC Location"
							attrs="{'invisible':[('pass_to_qc', '=', False)]}" />
					</group>
				</field>
				<field name="move_lines" position="after">
					<field name="move_lines_qc2store"
						context="{'address_in_id': partner_id, 'picking_type': 'in', 'qc_control':'yes','pass_to_qc':pass_to_qc ,'form_view_ref':'view_move_picking_form', 'tree_view_ref':'view_move_picking_tree'}"
						options='{"reload_on_button": true}' attrs="{'invisible':[('pass_to_qc', '=', False)]}" />
				</field>
				<field name="move_lines_qc2store" position="before">
					<group>
						<field name="move_loc_id" string="Destination Location"
							attrs="{'invisible':[('pass_to_qc', '=', False)]}" />
					</group>
				</field>

			</field>
		</record>


		<record id="view_warehouse_inherit" model="ir.ui.view">
			<field name="name">stock.warehouse</field>
			<field name="model">stock.warehouse</field>
			<field name="inherit_id" ref="stock.view_warehouse" />
			<field name="arch" type="xml">
				<field name="lot_input_id" position="replace">
					<field name="lot_input_id" groups="stock.group_locations"
						string="Location QC" help="Location to check stock for Quality Control" />
				</field>
			</field>
		</record>


		<record id="view_warehouse_tree_inherit" model="ir.ui.view">
			<field name="name">stock.warehouse.tree</field>
			<field name="model">stock.warehouse</field>
			<field name="inherit_id" ref="stock.view_warehouse_tree" />
			<field name="arch" type="xml">
				<field name="lot_input_id" position="replace">
					<field name="lot_input_id" groups="stock.group_locations"
						string="Location QC" />
				</field>
			</field>
		</record>

		<record id="view_move_picking_tree_inherit" model="ir.ui.view">
			<field name="name">stock.move.tree</field>
			<field name="model">stock.move</field>
			<field name="inherit_id" ref="stock.view_move_picking_tree" />
			<field name="arch" type="xml">
				<field name="product_qty" position="after">
					<field name="is_qc" invisible="1" />
					<field name="qc_ok_qty" readonly="1" string="QC Approved Qty"
						invisible="context.get('picking_type',False) != 'in' or context.get('qc_control',False) == 'yes' or (not context.get('pass_to_qc',False))" />
					<field name="returned_qty" readonly="1" string="QC Returned Qty"
						invisible="context.get('picking_type',False) != 'in' or context.get('qc_control',False) == 'yes' or (not context.get('pass_to_qc',False))" />
					<field name="qc_approved"
						invisible="context.get('picking_type',False) != 'in' or context.get('qc_control',False) == 'no'" />
				</field>
				<field name="state" position="after">
					<field name="qc_completed"
						invisible="context.get('picking_type',False) != 'in' or context.get('qc_control',False) == 'yes' or (not context.get('pass_to_qc',False))" />
					<button name="action_process_qc2x" string="Process to move"
						type="object" icon="gtk-go-forward"
						attrs="{'invisible':['|','|','|',('state','not in',('done')),('qc_completed','=',True),('qc_approved','=', True),('is_qc','=', False)]}" />
				</field>
				<field name="product_uos" position="attributes">
					<attribute name="invisible">context.get('pass_to_qc',False)
					</attribute>
				</field>
				<field name="location_dest_id" position="attributes">
					<attribute name="invisible">context.get('pass_to_qc',False)
					</attribute>
				</field>
				<button name="%(stock.move_scrap)d" position="attributes">
					<attribute name="attrs">{'invisible':[('is_qc','=', True)]}</attribute>
				</button>
			</field>
		</record>

        <record id="view_move_form_removebuttons" model="ir.ui.view">
            <field name="name">stock.move.form.removebuttons</field>
            <field name="model">stock.move</field>
            <field name="inherit_id" ref="stock.view_move_form" />
            <field name="arch" type="xml">
                <button name="action_confirm" position="replace"/>
                <button string="Process Partially" position="replace"/>
                <button name="action_done" position="replace"/>
                <button name="force_assign" position="replace"/>
                <button name="action_cancel" position="replace"/>
            </field>
        </record>

	</data>
</openerp>
