<?xml version="1.0" encoding="utf-8"?>
<odoo><data>
    <record id="view_openeducat_app_switcher_assets" model="ir.ui.view">
        <field name="name">openeducat app switcher assets</field>
        <field name="inherit_id" ref="web.assets_backend"></field>
        <field name="arch" type="xml">
            <data name="app switcher assets" inherit_id="web.assets_backend">
                <xpath expr="." position="inside">
                    <link rel="stylesheet" href="/openeducat_enterprise_support/static/src/less/openeducat_app_switcher.less"/>
                </xpath>
            </data>
        </field>
    </record>
</data></odoo>
