<?xml version="1.0" encoding="UTF-8"?>
<openerp>
	<data>

		<record id='view_gatepass_form' model='ir.ui.view'>
			<field name="name">stock.gatepass.form</field>
			<field name="model">stock.gatepass</field>
			<field name="inherit_id" ref="stock_gatepass.view_gatepass_form" />
			<field name="arch" type="xml">
				<field name="out_picking_id" position="replace">
				</field>
				<field name="user_id" position="before">
					<field name="out_picking_id" on_change="onchange_delivery_order(out_picking_id)"
						attrs="{'invisible': [('sales_delivery', '=', False)], 
                        'required': [('sales_delivery', '=', True)]}"
						domain="[('state', '=', 'done'), ('type','=','out')]"  />
				</field>
			</field>
		</record>

		<record id="view_picking_inward_search_ref" model="ir.ui.view">
			<field name="name">stock.picking.in.search</field>
			<field name="model">stock.picking.in</field>
			<field name="inherit_id" ref="stock.view_picking_in_search"/>
			<field name="arch" type="xml">
			     <field name="name" position="after">
			         <field name="prodlot_id" domain="[('product_id.container_ok','=',True)]"/>
			     </field>
			</field>
		</record>

	</data>
</openerp>