<?xml version="1.0" encoding="UTF-8"?>
<openerp>
    <data>
        <menuitem id="menu_op_timetable_root" name="TimeTables" sequence="70" groups="openeducat_core.group_op_back_office,openeducat_core.group_op_back_office_admin"
            web_icon="openeducat_timetable,static/description/icon.png" />

        <menuitem id="menu_op_timetable_main" parent="menu_op_timetable_root"
            sequence="10" name="TimeTables" />
        <menuitem id="menu_op_period" string="Periods" parent="menu_op_timetable_main"
            sequence="10" action="act_open_op_period_view" />
        <menuitem id="menu_op_timetable" string="TimeTables" parent="menu_op_timetable_main"
            sequence="20" action="act_open_op_timetable_view" />
        <menuitem id="menu_generate_time_table" string="Generate TimeTables" parent="menu_op_timetable_main"
            sequence="30" action="act_open_generate_time_table_view" />
        <menuitem id="menu_generate_time_table_report" string="Generate TimeTable Report" parent="menu_op_timetable_main"
            sequence="40" action="act_open_time_table_report_view" />
    </data>
</openerp>