<openerp>
  <data>

    <record id="view_report_aeroo_installer" model="ir.ui.view">
      <field name="name">report.aeroo.installer.view</field>
      <field name="model">report.aeroo.installer</field>
      <field name="type">form</field>
      <field name="inherit_id" ref="base.res_config_installer"/>
      <field name="arch" type="xml">
          <data>
<!--
                <form position="attributes" version="7.0">
                  <attribute name="string">Aeroo Reports Installation</attribute>
                </form>
-->
                <footer position="replace">
                    <footer>
                        <button name="action_next" type="object" string="Continue" invisible="context.get('menu',False)" class="oe_highlight"/>
                        or
                        <button special="cancel" string="Close" class="oe_link"/>
                    </footer>
                </footer>
                <separator string="title" position="replace">
                    <p class="oe_grey">
                        Aeroo Reports for OpenERP is a comprehensive reporting engine based on Aeroo Library.
                    </p>
                    <group>
                        <group width="25%%">
                          <field name="config_logo" widget="image" nolabel="1" colspan="2"/>
                        </group>
                        <group width="75%%">
                          <field name="link" widget="url"/>
                        </group>
                    </group>
                </separator>
          </data>
      </field>
    </record>

    <record id="action_report_aeroo_installer" model="ir.actions.act_window">
      <field name="name">Aeroo Reports Installation</field>
      <field name="type">ir.actions.act_window</field>
      <field name="res_model">report.aeroo.installer</field>
      <field name="view_id" ref="view_report_aeroo_installer"/>
      <field name="view_type">form</field>
      <field name="view_mode">form</field>
      <field name="target">new</field>
    </record>

    <record id="report_aeroo_installer_todo" model="ir.actions.todo">
        <field name="action_id" ref="action_report_aeroo_installer"/>
        <field name="restart">always</field>
        <field name="sequence">3</field>
        <field name="type">automatic</field>
    </record>
    
    <!--DOCS Config wizard -->
    
    <record id="view_docs_config_installer" model="ir.ui.view">
      <field name="name">docs_config.installer.view</field>
      <field name="model">docs_config.installer</field>
      <field name="inherit_id" ref="base.res_config_installer"/>
      <field name="arch" type="xml">
          <data>
                <form position="attributes">
                    <attribute name="string">Configure DOCS service connection</attribute>
                </form>
                <footer position="replace">
                    <footer>
                        <button name="check" type="object" string="Apply and Test" class="oe_highlight" states="init"/>
                        <button name="action_next" type="object" string="Finish" class="oe_highlight" states="done"/>
                        <label string="or" attrs="{'invisible': [('state','=',False)]}" class="oe_inline"/>
                        <button special="cancel" string="Close" class="oe_link"/>
                    </footer>
                </footer>
                <separator string="title" position="replace">
                    <p class="oe_grey">
                        Configure Aeroo Reports connection to DOCS service and test document conversion.
                    </p>
                  <group>
                    <group width="25%%">
                      <field name="config_logo" widget="image" nolabel="1" colspan="2"/>
                    </group>
                    <group width="75%%">
                      <group states="init">
                          <group colspan="4">
                              <field name="enabled"/>
                              <group colspan="4">
                                  <field name="host" attrs="{'readonly': [('enabled','=',False)]}"/>
                                  <field name="port" attrs="{'readonly': [('enabled','=',False)]}"/>
                              </group>
                              <field name="auth_type" attrs="{'readonly': [('enabled','=',False)]}"/>
                              <group colspan="4" attrs="{'invisible': [('auth_type','=',False)]}">
                                <field name="username" attrs="{'required': [('auth_type','=','simple')], 'readonly': [('enabled','=',False)]}"/>
                                <field name="password" password="True" attrs="{'required': [('auth_type','=','simple')], 'readonly': [('enabled','=',False)]}"/>
                              </group>
                          </group>
                          <separator colspan="4"/>
                      </group>
                      <group colspan="4" states="error,done">
                          <field name="msg" colspan="4" nolabel="1"/>
                      </group>
                      <group colspan="4" states="error">
                          <separator string="Details" colspan="4"/>
                          <field name="error_details" colspan="4" nolabel="1"/>
                      </group>
                      <newline/>
                      <field name="state" invisible="1"/>
                    </group>
                  </group>
                </separator>
          </data>
      </field>
    </record>

    <record id="action_docs_config_installer" model="ir.actions.act_window">
      <field name="name">Aeroo DOCS connection</field>
      <field name="type">ir.actions.act_window</field>
      <field name="res_model">docs_config.installer</field>
      <field name="view_id" ref="view_docs_config_installer"/>
      <field name="view_type">form</field>
      <field name="view_mode">form</field>
      <field name="target">new</field>
    </record>

    <record id="docs_config_installer_todo" model="ir.actions.todo">
        <field name="action_id" ref="action_docs_config_installer"/>
        <field name="restart">always</field>
        <field name="sequence">3</field>
        <field name="type">automatic</field>
    </record>

    <record id="action_docs_config_wizard" model="ir.actions.act_window">
      <field name="name">Configure DOCS connection</field>
      <field name="type">ir.actions.act_window</field>
      <field name="res_model">docs_config.installer</field>
      <field name="view_id" ref="view_docs_config_installer"/>
      <field name="view_type">form</field>
      <field name="view_mode">form</field>
      <field name="target">new</field>
    </record>

	<menuitem id="menu_docs_config_wizard" action="action_docs_config_wizard" parent="menu_ir_action_aeroo_reports_xml"/>

  </data>
</openerp>
