<?xml version="1.0" encoding="utf-8"?>
<openerp>
    <data noupdate="1">

        <!-- Allow Payroll Manager access to all attendance records -->
        <record id="property_rule_attendance_pm" model="ir.rule">
            <field name="name">Payroll Manager Attendance</field>
            <field model="ir.model" name="model_id" ref="model_hr_attendance"/>
            <field name="domain_force">[(1,'=',1)]</field>
            <field name="groups" eval="[(4,ref('hr_security.group_payroll_manager'))]"/>
        </record>
        
        <!-- Allow Payroll Manager to access holidays/leaves -->
        <record id="property_rule_holidays_pm" model="ir.rule">
            <field name="name">Payroll Manager Holidays</field>
            <field model="ir.model" name="model_id" ref="hr_holidays.model_hr_holidays"/>
            <field name="domain_force">[(1,'=',1)]</field>
            <field name="groups" eval="[(4,ref('hr_security.group_payroll_manager'))]"/>
        </record>

    </data>
</openerp>

