<?xml version="1.0" encoding="UTF-8"?>
<openerp>
  <data>
    <record id="account_with_postings_rule" model="ir.rule">
      <field name="name">Accounts with postings multi company</field>
      <field ref="model_account_account_with_postings" name="model_id"/>
      <field eval="True" name="global"/>
      <field name="domain_force">['|','|',('company_id','=',False),('company_id','child_of',[user.company_id.id]),('company_id.child_ids','child_of',[user.company_id.id])]</field>
    </record>
  </data>
</openerp>
