<?xml version="1.0" encoding="utf-8"?>
<openerp>
    <data noupdate="1">
        <record id="seq_type_shipment_plan" model="ir.sequence.type">
            <field name="name">Shipment Plan</field>
            <field name="code">shipment.plan</field>
        </record>
        <record id="seq_shipment_plan" model="ir.sequence">
            <field name="name">Shipment Plan</field>
            <field name="code">shipment.plan</field>
            <field name="prefix">SHIP</field>
            <field name="padding">5</field>
        </record>
    </data>
</openerp>
