<?xml version="1.0" encoding="utf-8"?>
<openerp>
    <data noupdate="1">

        <!-- Resource: mrp.bom -->

        <record id="mrp_bom_1" model="mrp.bom">
            <field name="name">Main Product A</field>
            <field name="product_tmpl_id" ref="mrp_partial_production.product_product_18_product_template"/>
            <field name="product_uom" ref="product.product_uom_unit"/>
            <field name="sequence">5</field>
            <field name="type">normal</field>
        </record>

        <record id="mrp_bom_line_1" model="mrp.bom.line">
            <field name="product_id" ref="mrp_partial_production.product_product_19"/>
            <field name="product_qty">3</field>
            <field name="product_uom" ref="product.product_uom_unit"/>
            <field name="sequence">5</field>
            <field name="type">normal</field>
            <field name="bom_id" ref="mrp_bom_1"/>
        </record>

        <record id="mrp_bom_line_2" model="mrp.bom.line">
            <field name="product_id" ref="mrp_partial_production.product_product_20"/>
            <field name="product_qty">2</field>
            <field name="product_uom" ref="product.product_uom_unit"/>
            <field name="sequence">5</field>
            <field name="type">normal</field>
            <field name="bom_id" ref="mrp_bom_1"/>
        </record>

    </data>
</openerp>
