<?xml version="1.0" encoding="utf-8"?>
<openerp>
    <data noupdate="1">

        <record id="sale_order_1" model="sale.order">
            <field name="partner_id" ref="base.res_partner_2"/>
            <field name="partner_invoice_id" ref="base.res_partner_2"/>
            <field name="partner_shipping_id" ref="base.res_partner_2"/>
            <field name="user_id" ref="base.user_demo"/>
            <field name="pricelist_id" ref="product.list0"/>
            <field name="section_id" ref="sales_team.section_sales_department"/>
            <field name="date_order" eval="(DateTime.today() - relativedelta(months=1)).strftime('%Y-%m-%d %H:%M')"/>
            <field name="order_policy">picking</field>
        </record>

        <record id="sale_order_line_1" model="sale.order.line">
            <field name="order_id" ref="sale_order_1"/>
            <field name="name">Main A</field>
            <field name="product_id" ref="mrp_partial_production.product_product_18"/>
            <field name="product_uom_qty">10</field>
            <field name="product_uos_qty">10</field>
            <field name="product_uom" ref="product.product_uom_unit"/>
            <field name="price_unit">2950.00</field>
        </record>

        <workflow action="order_confirm" model="sale.order" ref="sale_order_1"/>
        <function model="procurement.order" name="run_scheduler"/>
    </data>
</openerp>
