<?xml version="1.0" encoding="UTF-8"?>
<openerp>
	<data>
		<!-- Account Invoice Form View -->
		<record id="view_account_invoice_dealer_form" model="ir.ui.view">
			<field name="name">account.invoice.packing.form</field>
			<field name="model">account.invoice</field>
			<field name="inherit_id" ref="account.invoice_form" />
			<field name="arch" type="xml">
				<xpath
					expr="//page[@string='Invoice Lines']/field[@name='invoice_line']/tree/field[@name='invoice_line_tax_id']"
					position="after">
					<field name="price_dealer" groups="l10n_in_base.group_dealer_price_on_sale_config" />
				</xpath>
				<field name="partner_id" position="after">
					<field name="dealer_id" on_change="onchange_dealer_id(dealer_id, context)" groups="l10n_in_base.group_dealer_price_on_sale_config"/>
					<field name="dealer_pricelist_id" groups="product.group_sale_pricelist"/>
				</field>
				
				<xpath
					expr="//page[@string='Invoice Lines']/field[@name='invoice_line']/tree/field[@name='product_id']" position="replace">
					<field name="product_id" 
						context="{'dealer_id':parent.dealer_id, 'dealer_pricelist_id':parent.dealer_pricelist_id}"
						on_change="product_id_change(product_id, uos_id, quantity, name, parent.type, parent.partner_id, parent.fiscal_position, price_unit, parent.currency_id, context, parent.company_id)"/>	
				</xpath>
				
				<xpath
					expr="//page[@string='Invoice Lines']/field[@name='invoice_line']/tree/field[@name='quantity']" position="replace">
					<field name="quantity" 
						context="{'dealer_id':parent.dealer_id, 'dealer_pricelist_id':parent.dealer_pricelist_id}"
						on_change="product_id_change(product_id, uos_id, quantity, name, parent.type, parent.partner_id, parent.fiscal_position, price_unit, parent.currency_id, context, parent.company_id)"/>	
				</xpath>
			</field>
		</record>
	</data>
</openerp>
		