<?xml version="1.0" encoding="UTF-8"?>
<openerp>
    <data>

        <record model="hr.family.type" id="spouse">
            <field name="name">Spouse</field>
        </record>
        <record model="hr.family.type" id="child">
            <field name="name">Child</field>
        </record>
        <record model="hr.family.type" id="brother">
            <field name="name">Brother or Sister</field>
        </record>
        <record model="hr.family.type" id="parent">
            <field name="name">Parent</field>
        </record>
        
    </data>
</openerp>
