<?xml version="1.0" encoding="utf-8"?>
<openerp>
    <data noupdate="0">

        <record id="seq_gate_pass_cylinder_type" model="ir.sequence.type">
            <field name="name">Gate Pass</field>
            <field name="code">stock.gatepass</field>
        </record>

        <record id="seq_gate_pass_cylinder" model="ir.sequence">
            <field name="name">Gate Pass</field>
            <field name="code">stock.gatepass</field>
            <field name="prefix">%(year)s/</field>
            <field name="padding">5</field>
        </record>

    </data>
</openerp>
