<?xml version="1.0" encoding="utf-8"?>
<openerp>
	<data noupdate="0">
		<record id="hr_rule_increase" model="hr.salary.rule">
			<field name="name">AnnualIncrease</field>
			<field name="sequence" eval="100"/>
			<field name="code">INC</field>
			<field name="category_id" ref="hr_payroll.ALW"/>
			<field name="condition_select">python</field>
            <field name="condition_python">result=(bool(contract.worked_years >= 1))</field>
			<field name="amount_select">code</field>
			<field name="amount_python_compute">result =(-1)*(contract.wage-contract.calc_wage(contract.increasing_percentage,payslip.date_from))</field>
		</record>
	</data>
</openerp>