<?xml version="1.0" encoding="utf-8"?>
<openerp>
    <data>
        <record id="hr_years_view_form" model="ir.ui.view">
            <field name="name">hr.years.view.form</field>
            <field name="model">hr.contract</field>
            <field name="inherit_id" ref="hr_contract.hr_contract_view_form"/>
            <field name="arch" type="xml">
                <data>
                 <xpath expr="//field[@name='working_hours']" position="after">
                        <field name="worked_years"/>
                        <field name="increasing_percentage"/>
                        <field name="current_year" invisible="1"/>
                        <field name="current_month"  invisible="1"/>
                        <field name="is_updated" invisible="1"/>
                        <field name="last_wage" invisible="1"/>
                        <field name="difference_months" invisible="1"/>
                        <field name="percent" invisible="1"/>
                    </xpath>
                    <xpath expr="//field[@name='wage']" position="after">
                            <field name="active_increase"/>
                    </xpath>
                </data>
            </field>
        </record>
    </data>
</openerp>