<?xml version="1.0" encoding="UTF-8"?>
<openerp>
    <data>

        <!-- Gate Pass Form View -->
        <record id='view_gatepass_form' model='ir.ui.view'>
            <field name="name">stock.gatepass.form</field>
            <field name="model">stock.gatepass</field>
            <field name="inherit_id" ref="stock_gatepass.view_gatepass_form"/>
            <field name="arch" type="xml">
                <field name="user_id" position="before">
                    <field name="indent_id" on_change="onchange_indent(indent_id)" attrs="{'invisible': [('approval_required', '=', False)],
                    'required': [('approval_required', '=', True)]}" domain="[('type', '=', 'existing'), ('state', '=', 'inprogress')]"/>
                </field>
            </field>
        </record>

        <!-- Indent Form View -->
        <record id='view_stock_indent_gatepass_form' model='ir.ui.view'>
            <field name="name">stock.indent.gatepass.form</field>
            <field name="model">indent.indent</field>
            <field name="inherit_id" ref="stock_indent.view_stock_indent_indent_form"/>
            <field name="arch" type="xml">
                <field name="company_id" position="after">
                    <field name="gate_pass_id"/>
                </field>
                <button name="%(stock_indent.action_purchase_order_indent_view)d" position="after">
                    <button name="action_open_gatepass" string="Gate Pass" attrs="{'invisible': [('state', '!=', 'inprogress'), ('gate_pass_id', '=', False)]}"
                        type="object"/>
                </button>
            </field>
        </record>

    </data>
</openerp>
