<?xml version="1.0"?>
<openerp>
        <data>                
                <record model="ir.ui.view" id="view_employee_end_date_22_form">
                        <field name="name">hr.employee.end.date.form</field>
                        <field name="model">hr.employee</field>
                        <field name="priority" eval="339"/>                        
                        <field name="inherit_id" ref="hr.view_employee_form"/>
                        <field name="arch" type="xml">
                                <field name="category_id" position="after" >
                                        <group col="2" colspan="2">
                                                <separator string="Timesheet report" colspan="2"/>
                                                <field name="receive_timesheet_alerts"/>
                                                <field name="started" />                                        
                                                <field name="ended"/>        
                                        </group>
                                </field>
                        </field>
                </record>
        
        </data>        
</openerp>
