<?xml version="1.0" encoding="utf-8"?>
<openerp>
    <data>
        <record id="module_category_openeducat" model="ir.module.category">
            <field name="name">OpenEduCat</field>
            <field name="description">Helps you manage your institutes different-different users.</field>
            <field name="sequence">15</field>
        </record>
        <record id="group_op_student" model="res.groups">
            <field name="name">Student</field>
            <field name="category_id" ref="module_category_openeducat"/>
            <field name="users" eval="[(4, ref('base.user_root'))]"/>
        </record>
        <record id="group_op_faculty" model="res.groups">
            <field name="name">Faculty</field>
            <field name="category_id" ref="module_category_openeducat"/>
            <field name="users" eval="[(4, ref('base.user_root'))]"/>
        </record>
        <record id="group_op_back_office" model="res.groups">
            <field name="name">Back Office</field>
            <field name="category_id" ref="module_category_openeducat"/>
            <field name="users" eval="[(4, ref('base.user_root'))]"/>
        </record>
        <record id="group_op_back_office_admin" model="res.groups">
            <field name="name">Back Office Admin</field>
            <field name="category_id" ref="module_category_openeducat"/>
            <field name="users" eval="[(4, ref('base.user_root'))]"/>
        </record>

        <record model="ir.rule" id="student_login_rule">
            <field name="name">Student Login rule</field>
            <field name="model_id" ref="model_op_student" />
            <field name="groups"
                eval="[(4, ref('openeducat_core.group_op_student'))]" />
            <field name="domain_force"> [('user_id','=',user.id)]</field>
        </record>
    </data>
</openerp>