<?xml version="1.0" encoding="utf-8"?>
<openerp>
    <data>
        
        <!-- Attendance Summary -->
        
        <record id="report_payroll_attendance_summary" model="ir.actions.report.xml">
            <field name="name">Payroll Attendance Summary</field>
            <field name="type">ir.actions.report.xml</field>
            <field name="model">hr.department</field>
            <field name="report_name">hr_payroll_attendance_summary</field>
            <field name="report_type">aeroo</field>
            <field name="in_format">oo-ods</field>
            <field name="parser_loc">hr_report_payroll_attendance_summary/report/attendance_summary.py</field>
            <field name="report_rml">hr_report_payroll_attendance_summary/report/attendance_summary.ods</field>
            <field name="parser_state">loc</field>
            <field name="tml_source">file</field>
        </record>
        
    </data>
</openerp>
