<?xml version="1.0" encoding="utf-8"?>
<openerp>
    <data noupdate="1">

        <!-- DdT Sequence -->
        <record id="seq_type_ddt" model="ir.sequence.type">
            <field name="name">DDT</field>
            <field name="code">stock.ddt</field>
        </record>
        <record id="seq_ddt" model="ir.sequence">
            <field name="name">DDT</field>
            <field name="code">stock.ddt</field>
            <field name="prefix">DDT/</field>
            <field name="implementation">no_gap</field>
        </record>

        <!-- DdT Type -->
        <record id="ddt_type_ddt" model="stock.ddt.type">
            <field name="name">DdT</field>
            <field name="sequence_id" ref="seq_ddt" />
        </record>

        <!-- carriage conditions -->
        <record id="carriage_condition_PF" model="stock.picking.carriage_condition">
            <field name="name">Carriage Paid</field>
        </record>
        <record id="carriage_condition_PA" model="stock.picking.carriage_condition">
            <field name="name">Carriage Forward</field>
        </record>
        <record id="carriage_condition_PAF" model="stock.picking.carriage_condition">
            <field name="name">Charged in Invoice</field>
        </record>

        <!-- goods descriptions -->
        <record id="goods_description_CAR" model="stock.picking.goods_description">
            <field name="name">Box</field>
        </record>
        <record id="goods_description_BAN" model="stock.picking.goods_description">
            <field name="name">Pallet</field>
        </record>
        <record id="goods_description_SFU" model="stock.picking.goods_description">
            <field name="name">Bulk</field>
        </record>
        <record id="goods_description_CBA" model="stock.picking.goods_description">
            <field name="name">Box-Pallet</field>
        </record>

        <!-- trasportation reasons -->
        <record id="transportation_reason_VEN" model="stock.picking.transportation_reason">
            <field name="name">Sale</field>
        </record>
        <record id="transportation_reason_VIS" model="stock.picking.transportation_reason">
            <field name="name">Goods on approval</field>
        </record>
        <record id="transportation_reason_RES" model="stock.picking.transportation_reason">
            <field name="name">Returned</field>
        </record>

        <!-- trasportation methods -->
        <record id="transportation_method_MIT" model="stock.picking.transportation_method">
            <field name="name">Sender</field>
        </record>
        <record id="transportation_method_DES" model="stock.picking.transportation_method">
            <field name="name">Recipient</field>
        </record>
        <record id="transportation_method_COR" model="stock.picking.transportation_method">
            <field name="name">Carrier</field>
        </record>

     </data>
</openerp>
