"id","name","model_id:id","group_id:id","perm_read","perm_write","perm_create","perm_unlink"
"access_op_hostel","name_op_hostel","model_op_hostel","base.group_user",1,1,1,0
"access_op_hostel_back_office","name_op_hostel_back_office","model_op_hostel","openeducat_core.group_op_back_office",1,0,0,0

"access_op_hostel_room","name_op_hostel_room","model_op_hostel_room","base.group_user",1,1,1,0
"access_op_hostel_room_back_office","name_op_hostel_room_back_office","model_op_hostel_room","openeducat_core.group_op_back_office",1,0,0,0

"access_op_room_back_office","op_room_back_office","model_op_room",openeducat_core.group_op_back_office,1,1,1,0
"access_op_room_back_office_admin","op_room_back_office_admin","model_op_room",openeducat_core.group_op_back_office_admin,1,1,1,1