<?xml version="1.0" encoding="utf-8"?>
<openerp>
  <data>
    <record model='stock.location' id='transit_outgoing'>
      <field name='name'>Outgoing Transit</field>
      <field name='usage'>transit</field>
    </record>

    <!-- update stock_dropshipping config -->
    <record id="stock_dropshipping.procurement_rule_drop_shipping"
            model="procurement.rule">
      <field name="name">Supplier → Transit</field>
      <field name="location_id" ref="transit_outgoing"/>
    </record>

    <record id="procurement_rule_drop_shipping_reception" model="procurement.rule">
      <field name="name">Transit → Customer</field>
      <field name="action">move</field>
      <field name="location_id" ref="stock.stock_location_customers"/>
      <field name="location_src_id" ref="transit_outgoing"/>
      <field name="procure_method">make_to_order</field>
      <field name="route_id" ref="stock_dropshipping.route_drop_shipping"/>
      <field name="picking_type_id" ref="stock_dropshipping.picking_type_dropship"/>
    </record>

   <record id="push_rule_dropshipping_transit" model='stock.location.path'>
     <field name="name">Transit → Customer</field>
     <field name="location_from_id" ref='transit_outgoing'/>
     <field name="location_dest_id" ref="stock.stock_location_customers"/>
     <field name="picking_type_id"
            ref="stock_dropshipping.picking_type_dropship"/>
     <field name='auto'>auto</field>
     <field name="route_id" ref="stock_dropshipping.route_drop_shipping"/>
   </record>

   <record id="stock_dropshipping.picking_type_dropship" model="stock.picking.type">
     <field name="name">Dropship</field>
     <!-- this location is used by purchase_requisition as the destination of
     the generated purchase orders -->
     <field name="default_location_dest_id" ref="transit_outgoing"/>
   </record>

  </data>
</openerp>
