<?xml version='1.0' encoding='UTF-8'?>
<openerp>
    <data noupdate="1">
        <record id="group_hr_loan_user" model="res.groups">
            <field name="name">Loan / User</field>
            <field name="users" eval="[(4, ref('base.user_root'))]"/>
            <field name="menu_access" eval="[(6, 0, [ref('hr_loan.menu_loan_loan'),ref('hr_loan.sub_menu_loan_loan')])]"/>
        </record>

        <record id="group_hr_loan_manager" model="res.groups">
            <field name="name">Loan / Manager</field>
            <field name="users" eval="[(4, ref('base.user_root'))]"/>
            <field name="menu_access" eval="[(6, 0, [ref('hr_loan.menu_loan_loan'),ref('hr_loan.sub_menu_loan_loan')])]"/>
        </record>
    </data>
</openerp>
