<?xml version="1.0" encoding="UTF-8"?>
<openerp>
  <data>
    <!-- Sale Order -->
    <record model="ir.ui.view" id="report_sale_order_board_graph">
      <field name="name">report.sale.order.board.graph</field>
      <field name="model">report.sale.order.board</field>
      <field name="type">graph</field>
      <field name="arch" type="xml">
        <graph string="Weekly Sales Orders Untaxed" type="bar">
          <field name="week"/>
          <field name="so_untaxed_done"/>
          <field name="so_untaxed_draft"/>
          <field name="so_untaxed_progress"/>
        </graph>
      </field>
    </record>
    <record id="report_sale_order_board_tree" model="ir.ui.view">
      <field name="name">report.sale.order.board.tree</field>
      <field name="model">report.sale.order.board</field>
      <field name="type">tree</field>
      <field name="arch" type="xml">
        <tree string="Weekly Sales Orders Untaxed">
          <field name="week"/>
          <field name="so_untaxed_done"/>
          <field name="so_untaxed_draft"/>
          <field name="so_untaxed_progress"/>
        </tree>
      </field>
    </record>
    <record id="action_report_sale_order_board_tree" model="ir.actions.act_window">
      <field name="name">Weekly Sales Orders</field>
      <field name="type">ir.actions.act_window</field>
      <field name="res_model">report.sale.order.board</field>
      <field name="view_type">form</field>
      <field name="view_mode">tree,graph</field>
    </record>
    <menuitem
      action="action_report_sale_order_board_tree"
      id="menu_action_report_sale_order_board_tree"
      parent="base.menu_reporting_dashboard"/>
    <!-- Purchase Order -->
    <record model="ir.ui.view" id="report_purchase_order_board_graph">
      <field name="name">report.purchase.order.board.graph</field>
      <field name="model">report.purchase.order.board</field>
      <field name="type">graph</field>
      <field name="arch" type="xml">
        <graph string="Weekly Purchase Orders Untaxed" type="bar">
          <field name="week"/>
          <field name="po_untaxed_done"/>
          <field name="po_untaxed_draft"/>
          <field name="po_untaxed_progress"/>
        </graph>
      </field>
    </record>
    <record id="report_purchase_order_board_tree" model="ir.ui.view">
      <field name="name">report.purchase.order.board.tree</field>
      <field name="model">report.purchase.order.board</field>
      <field name="type">tree</field>
      <field name="arch" type="xml">
        <tree string="Weekly Purchase Orders Untaxed">
          <field name="week"/>
          <field name="po_untaxed_done"/>
          <field name="po_untaxed_draft"/>
          <field name="po_untaxed_progress"/>
        </tree>
      </field>
    </record>
    <record id="action_report_purchase_order_board_tree" model="ir.actions.act_window">
      <field name="name">Weekly Purchase Orders</field>
      <field name="type">ir.actions.act_window</field>
      <field name="res_model">report.purchase.order.board</field>
      <field name="view_type">form</field>
      <field name="view_mode">tree,graph</field>
    </record>
    <menuitem
      action="action_report_purchase_order_board_tree"
      id="menu_action_report_purchase_order_board_tree"
      parent="base.next_id_73"/>
    <!-- Invoices -->
    <record model="ir.ui.view" id="report_invoice_board_graph">
      <field name="name">report.invoice.board.graph</field>
      <field name="model">report.invoice.board</field>
      <field name="type">graph</field>
      <field name="arch" type="xml">
        <graph string="Weekly Invoices Untaxed" type="bar">
          <field name="week"/>
          <field name="in_invoice_untaxed"/>
          <field name="in_invoice_residual"/>
          <field name="out_invoice_untaxed"/>
          <field name="out_invoice_residual"/>
        </graph>
      </field>
    </record>
    <record id="report_invoice_board_tree" model="ir.ui.view">
      <field name="name">report.invoice.board.tree</field>
      <field name="model">report.invoice.board</field>
      <field name="type">tree</field>
      <field name="arch" type="xml">
        <tree string="Weekly Invoices Untaxed">
          <field name="week"/>
          <field name="in_invoice_untaxed"/>
          <field name="in_invoice_residual"/>
          <field name="out_invoice_untaxed"/>
          <field name="out_invoice_residual"/>
        </tree>
      </field>
    </record>
    <record id="action_report_invoice_board_tree" model="ir.actions.act_window">
      <field name="name">Weekly Invoices</field>
      <field name="type">ir.actions.act_window</field>
      <field name="res_model">report.invoice.board</field>
      <field name="view_type">form</field>
      <field name="view_mode">tree,graph</field>
    </record>
    <menuitem
      action="action_report_invoice_board_tree"
      id="menu_action_report_invoice_board_tree"
      parent="account.menu_finance_reporting"/>
    <!-- Finance -->
    <record model="ir.ui.view" id="report_finance_board_graph">
      <field name="name">report.finance.board.graph</field>
      <field name="model">report.finance.board</field>
      <field name="type">graph</field>
      <field name="arch" type="xml">
        <graph string="Weekly Balances" type="bar">
          <field name="week"/>
          <field name="bank_balance"/>
          <field name="payable_balance"/>
          <field name="receivable_balance"/>
          <field name="liquid_balance"/>
        </graph>
      </field>
    </record>
    <record id="report_finance_board_tree" model="ir.ui.view">
      <field name="name">report.finance.board.tree</field>
      <field name="model">report.finance.board</field>
      <field name="type">tree</field>
      <field name="arch" type="xml">
        <tree string="Weekly Balances">
          <field name="week"/>
          <field name="bank_balance"/>
          <field name="payable_balance"/>
          <field name="receivable_balance"/>
          <field name="liquid_balance"/>
        </tree>
      </field>
    </record>
    <record id="action_report_finance_board_tree" model="ir.actions.act_window">
      <field name="name">Weekly Balances</field>
      <field name="type">ir.actions.act_window</field>
      <field name="res_model">report.finance.board</field>
      <field name="view_type">form</field>
      <field name="view_mode">tree,graph</field>
    </record>
    <menuitem
      action="action_report_finance_board_tree"
      id="menu_action_report_finance_board_tree"
      parent="account.menu_finance_reporting"/>
  </data>
</openerp>
