<?xml version="1.0" encoding="utf-8"?>
<openerp>
    <data noupdate="1">
    
        <record id="seq_salary_slip" model="ir.sequence">
            <field name="name">Salary Slip</field>
            <field name="code">salary.slip</field>
            <field name="prefix">SLIP/</field>
            <field name="padding">3</field>
        </record>

        <record id="seq_payslip_run" model="ir.sequence">
            <field name="name">Payslip Batch</field>
            <field name="code">hr.payslip.run</field>
            <field name="padding" eval="5"/>
            <field name="prefix">PAY</field>
        </record>

    </data>
</openerp>
