<?xml version="1.0"?>
<openerp>
    <data>
        <record id="ir_header_webkit_packing_list" model="ir.header_webkit">
            <field eval="&quot;&quot;&quot;Portrait&quot;&quot;&quot;" name="orientation"/>
            <field eval="&quot;&quot;&quot;A4&quot;&quot;&quot;" name="format"/>
            <field eval="&quot;&quot;&quot;PackingList&quot;&quot;&quot;" name="name"/>
            <field eval="15.0" name="margin_top"/>
            <field name="footer_html"><![CDATA[<html>
    <head>
        <meta content="text/html; charset=UTF-8" http-equiv="content-type"/>
        <script>
            function subst() {
            var vars={};
            var x=document.location.search.substring(1).split('&');
            for(var i in x) {var z=x[i].split('=',2);vars[z[0]] = unescape(z[1]);}
            var x=['frompage','topage','page','webpage','section','subsection','subsubsection'];
            for(var i in x) {
            var y = document.getElementsByClassName(x[i]);
            for(var j=0; j<y.length; ++j) y[j].textContent = vars[x[i]];
                }
            }
        </script>
    </head>
    <body style="border:0; margin: 0;font-size:12px; bottom: 40px;" onload="subst()">
		<table class="basic_table" width="100%">
		<tr>
		    <td width="10%"><b>备注</b></td><td width="80%">1.拿货前请先确认是否有以下货物并勾选(干货蔬果，冰冻货物，熟食，饼房)</td>
		</tr>
		<tr>
		    <td width="10%"></td><td width="80%">2.支付方式简写 现金C，刷卡P，不收钱NC，券Q（配送结束时填写）</td>
		</tr>
		<tr>
		    <td width="10%"></td><td width="80%">3.配送结果有以下几种：1：配送成功。2：没有收钱。3：部分退货.4：改时间送。（配送结束时填写）</td>
		</tr>
		</table>
    </body>
</html>]]></field>
            <field name="html"><![CDATA[<html>
    <head>
        <meta content="text/html; charset=UTF-8" http-equiv="content-type"/>
        <script>
            function subst() {
            var vars={};
            var x=document.location.search.substring(1).split('&');
            for(var i in x) {var z=x[i].split('=',2);vars[z[0]] = unescape(z[1]);}
            var x=['frompage','topage','page','webpage','section','subsection','subsubsection'];
            for(var i in x) {
            var y = document.getElementsByClassName(x[i]);
            for(var j=0; j<y.length; ++j) y[j].textContent = vars[x[i]];
                }
            }
        </script>
        <style type="text/css">
            ${css}
        </style>
    </head>
    <body style="border:0; margin: 0;" onload="subst()">
    	<table style="border: 0; width: 100%">
    		<tr>
    			<td width="57%">
	        		<table class="header" style="border-bottom: 0px solid black; width: 100%">
			            <tr>
			                <td>${company.partner_id.name |entity}</td>
			                <td/>
			            </tr>
			            <tr>
			                <td >${company.partner_id.street or ''|entity}</td>
			                <td/>
			            </tr>
			            <tr>
			                <td>Phone/电话: ${company.partner_id.phone or ''|entity} </td>
			                <td/>
			            </tr>
    				</table>
    			</td>
    			<td>
	        		<table class="header" style="border-bottom: 0px solid black; width: 100%">
			            <tr>
			                <td>Fields China</td>
			                <td/>
			            </tr>
			            <tr>
			                <td>HuangShi Road 169 Lane, Number 5, 1st Floor</td>
			                <td/>
			            </tr>
			            <tr>
			                <td >Xuhui District, Shanghai</td>
			                <td/>
			            </tr>
    				</table>
    			</td>
    		<tr>
        </table> ${_debug or ''|n} </body>        
</html>]]>
</field>
                        <field name="css" ><![CDATA[
body {
	font-family:Helvetica;
	font-size:12px;
}


.dest_address {
	margin-left:60%;
	font-size:12px;
}

.header {
	margin-left:0;
	text-align:left;
	width:300px;
	font-size:12px;
}

.title {
	font-size:16px;
	font-weight: bold;
	text-align: center;
}


.basic_table{
	text-align:center;
	border-collapse: collapse;
}

.basic_table td {
	border:1px solid lightGrey;
	font-size:12px;
}

.list_table {
	border-color:black;
	text-align:center;
	border-collapse: collapse;
}

.list_table td {
	border-color:gray;
	border-top:1px solid gray;
	text-align:left;
	font-size:12px;
	padding-right:3px
	padding-left:3px
	padding-top:3px
	padding-bottom:3px
}

.list_table th {
	border-bottom:2px solid black;
	text-align:left;
	font-size:12px;
	font-weight:bold;
	padding-right:3px
	padding-left:3px
}

.list_tabe thead {
    display:table-header-group;
}

.header_label {
	width: 19%;
}

td {
	padding: 0 3px;
	text-align:left;
    font-size: 12px;
}

table.noborder, table.noborder tr, table.noborder tr td, tr.noborder, tr.noborder td, td.noborder {
	border: none;
}

.dontcutme {
	page-break-inside: avoid;
}

.total {
	width:100%;
}
.lib {
width:10.3%;
}
.tot {
text-align:right;
width:15%;
}
.lefttot {
width:74%;
}
.tax {
width:50%;
}]]> </field>
        </record>
        
        <report id="report_picking_groupby" name="picking.groupby.print" string="Grouped Picking Order" model="stock.picking.out" 
            file="fc_product_stock_type/report/picking_groupby.mako" report_type="webkit" auto="False" header="True" menu="True" webkit_header="ir_header_webkit_packing_list"/>

        
    	<record id="stock.view_picking_out_form" model="ir.ui.view">
            <field name="name">stock.picking.out.form</field>
            <field name="model">stock.picking.out</field>
            <field name="inherit_id" ref="stock.view_picking_form"/>
            <field name="arch" type="xml">
                <field name="date_done" position="attributes" version="7.0">
                    <attribute name="string">Date of Delivery</attribute>
                </field>
                <xpath expr="/form/header//button[@name='%(stock.act_stock_return_picking)d']" position="replace">
                    <button name="%(report_picking_groupby)d" string="Print Delivery Slip" type="action" states="done" class="oe_highlight"/>
                    <button name="%(stock.act_stock_return_picking)d" string="Return Products" states="done" type="action"/>
                </xpath>
                <xpath expr="/form/header//button[@name='draft_validate']" position="replace">
                    <button name="draft_validate" states="draft" string="Confirm &amp; Deliver" type="object" class="oe_highlight"/>
                    <button name="action_assign" states="confirmed" string="Check Availability" type="object" class="oe_highlight"/>
                </xpath>
                <xpath expr="/form/header//button[@name='action_process']" position="replace">
                    <button name="action_process" states="assigned" string="Deliver" type="object" class="oe_highlight"/>
                </xpath>
                <xpath expr="/form/header//field[@name='state']" position="replace">
                    <field name="state" nolabel="1" readonly="1" widget="statusbar" statusbar_visible="draft,confirmed,assigned,done" statusbar_colors='{"auto":"blue", "confirmed":"blue"}'/>
                </xpath>
                <xpath expr="//field[@name='partner_id']" position="replace">
                    <field name="partner_id" on_change="onchange_partner_in(partner_id)"  string="Customer"/>
                </xpath>
                <xpath expr="//field[@name='move_lines']" position="replace">
                    <field name="move_lines" context="{'address_out_id': partner_id, 'picking_type': 'out', 'form_view_ref':'view_move_picking_form', 'tree_view_ref':'view_move_picking_tree'}"/>
                </xpath>
                <xpath expr="/form/sheet" position="after">
                    <div class="oe_chatter">
                        <field name="message_follower_ids" widget="mail_followers"/>
                        <field name="message_ids" widget="mail_thread"/>
                    </div>
                </xpath>
            </field>
        </record>        
	</data>
</openerp>