<?xml version="1.0" encoding="utf-8"?>
<openerp>
	<data noupdate="0">
		<record id="hr_rule_ins" model="hr.salary.rule">
			<field name="name">insurance</field>
			<field name="sequence" eval="120"/>
			<field name="code">INS</field>
			<field name="category_id" ref="hr_payroll.DED"/>
			<field name="condition_select">python</field>
			<field name="condition_python">result=bool(contract.insurance_amount>0)</field>
			<field name="amount_select">code</field>
			<field name="amount_python_compute">result = -((contract.insurance_amount)*(contract.wage)/100)</field>
		</record>
		<record id="hr_rule_ins2" model="hr.salary.rule">
			<field name="name">insurancecompany</field>
			<field name="sequence" eval="100"/>
			<field name="code">INSC</field>
			<field name="category_id" ref="hr_payroll.GROSS"/>
			<field name="condition_select">python</field>
			<field name="condition_python">result=bool(contract.insurance_percentage>0)</field>
			<field name="amount_select">code</field>
			<field name="amount_python_compute">result = ((contract.insurance_percentage)*(contract.wage)/100)</field>
		</record>

		<record id="hr_rule_madical" model="hr.salary.rule">
			<field name="name">Medical insurance</field>
			<field name="sequence" eval="120"/>
			<field name="code">MEDIN</field>
			<field name="category_id" ref="hr_payroll.DED"/>
			<field name="condition_select">none</field>
			<field name="amount_select">code</field>
			<field name="amount_python_compute">result = -(contract.insurance_medical/12)</field>
		</record>
	</data>
</openerp>