<openerp>
    <data>
        <record id="hr_contract_view_insured" model="ir.ui.view">
             <field name="name">hr_contract_view_insured</field>
             <field name="model">hr.contract</field>
             <field name="inherit_id" ref="hr_contract.hr_contract_view_form"/>
              <field name="arch" type="xml">
                  <data>
                 <xpath expr="//notebook/page[@string='Work Permit']" position="after">
                     <page string="Insurance">
                           <group col="4">
                               <field name="insurance_number" />
                               <field name="insurance_company"/>
                               <field name="insurance_amount"/>
                               <field name="insurance_percentage"/>
                           </group>
                      </page>
                 </xpath>
                  <xpath expr="//notebook/page[@string='Insurance']" position="after">
                      <page string="Medical insurance">
                           <group col="4">
                               <field name="insurance_medical" />
                           </group>
                      </page>
                 </xpath>
                  </data>
              </field>
        </record>
    </data>
 </openerp>