<?xml version="1.0" encoding="UTF-8"?>
<openerp>
	<data noupdate="1">
		<record id="group_cst_config" model="res.groups">
	        <field name="name">CST Number on Partners</field>
	        <field name="category_id" ref="base.module_category_accounting_and_finance"/>
	        <field name="users" eval="[(4, ref('base.user_root'))]"/>
	        <field name="implied_ids" eval="[(4, ref('base.group_user'))]"/>
	    </record>
	    
	    <record id="group_excise_config" model="res.groups">
	        <field name="name">Excise Number on Partners</field>
	        <field name="category_id" ref="base.module_category_accounting_and_finance"/>
	        <field name="users" eval="[(4, ref('base.user_root'))]"/>
	        <field name="implied_ids" eval="[(4, ref('base.group_user'))]"/>
	    </record>
	    
	    <record id="group_tin_config" model="res.groups">
	        <field name="name">TIN Number on Partners</field>
	        <field name="category_id" ref="base.module_category_accounting_and_finance"/>
	        <field name="users" eval="[(4, ref('base.user_root'))]"/>
	        <field name="implied_ids" eval="[(4, ref('base.group_user'))]"/>
	    </record>
	    
	    <record id="group_service_config" model="res.groups">
	        <field name="name">Service Tax Number on Partners</field>
	        <field name="category_id" ref="base.module_category_accounting_and_finance"/>
	        <field name="users" eval="[(4, ref('base.user_root'))]"/>
	        <field name="implied_ids" eval="[(4, ref('base.group_user'))]"/>
	    </record>
	    
	    <record id="group_packing_config" model="res.groups">
	        <field name="name">Packaging and Forwarding on Purchase</field>
	        <field name="category_id" ref="base.module_category_hidden"/>
	        <field name="users" eval="[(4, ref('base.user_root'))]"/>
	        <field name="implied_ids" eval="[(4, ref('base.group_user'))]"/>
	    </record>
	    
	    <record id="group_freight_config" model="res.groups">
	        <field name="name">Freight on Purchase</field>
	        <field name="category_id" ref="base.module_category_hidden"/>
	        <field name="users" eval="[(4, ref('base.user_root'))]"/>
	        <field name="implied_ids" eval="[(4, ref('base.group_user'))]"/>
	    </record>
	    
	    <record id="group_insurance_config" model="res.groups">
	        <field name="name">Insurance on Purchase</field>
	        <field name="category_id" ref="base.module_category_hidden"/>
	        <field name="users" eval="[(4, ref('base.user_root'))]"/>
	        <field name="implied_ids" eval="[(4, ref('base.group_user'))]"/>
	    </record>
	    
	    <record id="group_discount_purchase_config" model="res.groups">
	        <field name="name">Discounts on Purchase Order</field>
	        <field name="category_id" ref="base.module_category_hidden"/>
	        <field name="users" eval="[(4, ref('base.user_root'))]"/>
	        <field name="implied_ids" eval="[(4, ref('base.group_user'))]"/>
	    </record>
	    
	    <record id="group_round_off_purchase_config" model="res.groups">
	        <field name="name">Round-Off on Purchase Order</field>
	        <field name="category_id" ref="base.module_category_hidden"/>
	        <field name="users" eval="[(4, ref('base.user_root'))]"/>
	        <field name="implied_ids" eval="[(4, ref('base.group_user'))]"/>
	    </record>
	    
	    <record id="group_round_off_sale_config" model="res.groups">
	        <field name="name">Round-Off on Sales Order</field>
	        <field name="category_id" ref="base.module_category_hidden"/>
	        <field name="users" eval="[(4, ref('base.user_root'))]"/>
	        <field name="implied_ids" eval="[(4, ref('base.group_user'))]"/>
	    </record>
	    
	    <record id="group_dealer_price_on_sale_config" model="res.groups">
	        <field name="name">Visible Dealer Price on Sales</field>
	        <field name="category_id" ref="base.module_category_hidden"/>
	        <field name="users" eval="[(4, ref('base.user_root'))]"/>
	        <field name="implied_ids" eval="[(4, ref('base.group_user'))]"/>
	    </record>
	    
	    <record id="group_inter_state_tax_config" model="res.groups">
	        <field name="name">Inter-State Sales Forms</field>
	        <field name="category_id" ref="base.module_category_accounting_and_finance"/>
	        <field name="users" eval="[(4, ref('base.user_root'))]"/>
	        <field name="implied_ids" eval="[(4, ref('base.group_user'))]"/>
	    </record>

        <record id="group_major_sub_group_config" model="res.groups">
            <field name="name">Major-Sub Groups</field>
            <field name="category_id" ref="base.module_category_hidden"/>
            <field name="users" eval="[(4, ref('base.user_root'))]"/>
            <field name="implied_ids" eval="[(4, ref('base.group_user'))]"/>
        </record>
        
        <record id="group_invoice_types_config" model="res.groups">
            <field name="name">Invoice Types on Invoice</field>
            <field name="category_id" ref="base.module_category_accounting_and_finance"/>
            <field name="users" eval="[(4, ref('base.user_root'))]"/>
            <field name="implied_ids" eval="[(4, ref('base.group_user'))]"/>
        </record>

	</data>
</openerp>
