<?xml version="1.0" encoding="UTF-8"?>
<openerp>
  <data>
    <record model="ir.ui.view" id="c2c_res_partner_address_label_form">
      <field name="name">c2c.res.partner.address.label.form</field>
      <field name="model">res.partner</field>
      <field name="type">form</field>
      <field name="inherit_id" ref="base.view_partner_form"/>
      <field name="arch" type="xml">
        <page string="Contacts" position="after">
          <page string="Address Label">
            <field name="address_label" height="150"/>
          </page>
        </page>
      </field>
    </record>
    
 <!-- Country  now uses address_format
    <record model="ir.ui.view" id="c2c_res_country_label_form">
      <field name="name">c2c.res.country.label.form</field>
      <field name="model">res.country</field>
      <field name="inherit_id" ref="base.view_country_form"/>
      <field name="type">form</field>
      <field name="arch" type="xml">
        <field name="code" position="after">
          <field name="zip_position"/>
        </field>
      </field>
    </record>
    <record model="ir.ui.view" id="c2c_res_country_label_tree">
      <field name="name">c2c.res.country.label.tree</field>
      <field name="model">res.country</field>
      <field name="inherit_id" ref="base.view_country_tree"/>
      <field name="type">form</field>
      <field name="arch" type="xml">
        <field name="code" position="after">
          <field name="zip_position"/>
        </field>
      </field>
    </record>
-->
    <!-- Company -->
    <record model="ir.ui.view" id="c2c_res_company_label_form">
      <field name="name">c2c.res.company.label.form</field>
      <field name="model">res.company</field>
      <field name="inherit_id" ref="base.view_company_form"/>
      <field name="type">form</field>
      <field name="arch" type="xml">
        <xpath expr="//page[@string='Configuration']" position="inside">

            <separator string="Address Window Position" colspan="4"/>
<group>
            <field name="company_address_id"  colspan="4"/>
            <field name="address_label_position"/>
</group>
            <separator string="Layout Config of partner related documents" colspan="4"/>
<group>
            <field name="print_code"/>
            <field name="print_address_info"/>
            <field name="print_cell_borders"/>
            <field name="document_label_position"/>
</group>
        </xpath>
      </field>
    </record>
  </data>
</openerp>
