<?xml version="1.0" encoding="utf-8" ?>
<openerp>
    <data>
        
        <!-- Menus -->
        
        <menuitem name="Contracts"
            id="submenu_hr_contracts"
            parent="hr.menu_hr_main"
            sequence="100" groups="base.group_hr_user"/>
        
        <!-- Remove stock Contracts menuitem and put it in the submenu -->
        <menuitem action="hr_contract.action_hr_contract" id="hr_contract.hr_menu_contract" parent="submenu_hr_contracts" name="Contracts" sequence="10" groups="base.group_hr_user"/>
        
        <record id="hr_contract_view_tree" model="ir.ui.view">
            <field name="name">hr.contract.tree.state</field>
            <field name="model">hr.contract</field>
            <field name="inherit_id" ref="hr_contract.hr_contract_view_tree"/>
            <field name="arch" type="xml">
                <data>
                    <xpath expr="//field[@name='employee_id']" position="after">
                        <field name="department_id"/>
                    </xpath>
                    <xpath expr="//field[@name='date_end']" position="after">
                        <field name="state"/>
                    </xpath>
                </data>
            </field>
        </record>
        
        <record id="view_expiring_contracts_tree" model="ir.ui.view">
            <field name="name">hr.contract.contract.expire.tree</field>
            <field name="model">hr.contract</field>
            <field name="arch" type="xml">
                <tree string="Expiring Conracts">
                    <field name="employee_id"/>
                    <field name="department_id"/>
                    <field name="job_id"/>
                    <field name="trial_date_end"/>
                    <field name="date_end"/>
                    <field name="state"/>
                </tree>
            </field>
        </record>
        <record id="open_expiring_contracts" model="ir.actions.act_window">
            <field name="name">Ending Trials &amp; Contracts</field>
            <field name="res_model">hr.contract</field>
            <field name="view_type">form</field>
            <field name="view_mode">tree,form</field>
            <field name="view_id" ref="view_expiring_contracts_tree"/>
            <field name="domain">['|',('state','in',['contract_ending']),('state','in',['trial_ending'])]</field>
            <field name="help" type="html">
              <p>
                There are currently no contracts or trial periods that are about to expire.
              </p>
            </field>
        </record>
        <menuitem action="open_expiring_contracts"
                  id="menu_expiring_contracts"
                  parent="submenu_hr_contracts"
                  groups="base.group_hr_user"
                  sequence="20"/>
        
        <record id="view_draft_contracts_tree" model="ir.ui.view">
            <field name="name">hr.contract.contract.draft.tree</field>
            <field name="model">hr.contract</field>
            <field name="arch" type="xml">
                <tree string="Contracts to be Approved">
                    <field name="employee_id"/>
                    <field name="department_id"/>
                    <field name="job_id"/>
                    <field name="date_start"/>
                    <field name="trial_date_end"/>
                    <field name="date_end"/>
                    <field name="state"/>
                </tree>
            </field>
        </record>
        <record id="open_draft_contracts" model="ir.actions.act_window">
            <field name="name">Contracts to be Approved</field>
            <field name="res_model">hr.contract</field>
            <field name="view_type">form</field>
            <field name="view_mode">tree,form</field>
            <field name="view_id" ref="view_draft_contracts_tree"/>
            <field name="domain">[('state','in',['draft'])]</field>
            <field name="help" type="html">
              <p>
                There are currently no contracts that need to be approved.
              </p>
            </field>
        </record>
        <menuitem action="open_draft_contracts"
                  id="menu_draft_contracts"
                  parent="submenu_hr_contracts"
                  groups="base.group_hr_user"
                  sequence="30"/>
       
       <!-- HR Contract: Form View -->
       <record id="view_contract_form" model="ir.ui.view">
           <field name="name">hr.contract.form.inherit.state</field>
           <field name="model">hr.contract</field>
           <field name="inherit_id" ref="hr_contract.hr_contract_view_form"/>
           <field name="arch" type="xml">
               <data>
                   <xpath expr="//div[@class='oe_title']" position="before">
                       <header>
                           <button name="signal_confirm" type="workflow" string="Confirm" 
                                   groups="base.group_hr_manager" states="draft" class="oe_highlight"/>
                           <button name="signal_open" type="workflow" string="Trial Successfull"
                                   groups="base.group_hr_manager" states="trial_ending" class="oe_highlight"/>
                           <button name="signal_done" type="workflow" string="End Contract"
                                   groups="base.group_hr_manager" states="trial,trial_ending,open,contract_ending,pending_done" class="oe_highlight"/>
                           <field name="state" widget="statusbar"/>
                       </header>
                   </xpath>
                   <xpath expr="//field[@name='date_start']" position="replace">
                       <field name="date_start" class="oe_inline" on_change="onchange_start(date_start)"/> -
                   </xpath>
                   <xpath expr="//field[@name='trial_date_end']" position="replace">
                       <field name="trial_date_end" class="oe_inline" attrs="{'required':[('trial_date_start','!=',False)]}"/>
                   </xpath>
                   <xpath expr="//sheet" position="after">
                        <div class="oe_chatter">
                            <field name="message_follower_ids" widget="mail_followers"/>
                            <field name="message_ids" widget="mail_thread"/>
                        </div>
                   </xpath>
               </data>
           </field>
       </record>
        
       <record id="contract_view_init_form" model="ir.ui.view">
            <field name="name">hr.contract.view.form.contract_init</field>
            <field name="model">hr.contract</field>
            <field name="inherit_id" ref="hr_contract_init.hr_contract_view_form"/>
            <field name="arch" type="xml">
                <xpath expr="//field[@name='job_id']" position="replace">
                    <field name="job_id" required="1" domain="[('department_id', '=', employee_dept_id)]" on_change="onchange_job(job_id)" attrs="{'invisible': [('state','=','done')]}"/>
                    <field name="end_job_id" attrs="{'invisible': [('state','!=','done')]}"/>
                </xpath>
                <xpath expr="//field[@name='trial_date_start']" position="replace">
                    <field name="trial_date_start" class="oe_inline" on_change="onchange_trial(trial_date_start)" attrs="{'required':[('trial_date_end','!=',False)]}"/> -
                </xpath>
            </field>
        </record>
        
        <record id="hr_hr_employee_view_form2" model="ir.ui.view">
            <field name="name">hr.employee.view.form.contract_state</field>
            <field name="model">hr.employee</field>
            <field name="inherit_id" ref="hr_contract.hr_hr_employee_view_form2"/>
            <field name="arch" type="xml">
                <data>
                    <xpath expr="//button[@string='Contracts']" position="replace">
                        <button name="%(hr_contract.act_hr_employee_2_hr_contract)d" string="Contracts" type="action" groups="base.group_hr_user"/>
                    </xpath>
                </data>
            </field>
        </record>
        
    </data>
</openerp>
