<?xml version="1.0" encoding="utf-8"?>
<openerp>
    <data>
        
        <!-- Contract Workflow Definition -->
        <record id="wkf_contract" model="workflow">
            <field name="name">hr.contract.basic</field>
            <field name="osv">hr.contract</field>
            <field name="on_create">True</field>
        </record>
        
        <!-- Workflow Activities (Stages) -->
        
        <record id="act_draft" model="workflow.activity">
            <field name="wkf_id" ref="wkf_contract"/>
            <field name="name">draft</field>
            <field name="kind">function</field>
            <field name="action">write({'state': 'draft'})</field>
            <field name="flow_start">True</field>
        </record>
        
        <record id="act_trial" model="workflow.activity">
            <field name="wkf_id" ref="wkf_contract"/>
            <field name="name">trial</field>
            <field name="kind">function</field>
            <field name="action">state_trial()</field>
        </record>
        
        <record id="act_trial_ending" model="workflow.activity">
            <field name="wkf_id" ref="wkf_contract"/>
            <field name="name">trial_ending</field>
            <field name="kind">function</field>
            <field name="action">write({'state': 'trial_ending'})</field>
        </record>
        
        <record id="act_open" model="workflow.activity">
            <field name="wkf_id" ref="wkf_contract"/>
            <field name="name">open</field>
            <field name="kind">function</field>
            <field name="action">state_open()</field>
        </record>
        
        <record id="act_contract_ending" model="workflow.activity">
            <field name="wkf_id" ref="wkf_contract"/>
            <field name="name">contract_ending</field>
            <field name="kind">function</field>
            <field name="action">write({'state': 'contract_ending'})</field>
        </record>
        
        <record id="act_pending_done" model="workflow.activity">
            <field name="wkf_id" ref="wkf_contract"/>
            <field name="name">pending_done</field>
            <field name="kind">function</field>
            <field name="action">state_pending_done()</field>
        </record>
        
        <record id="act_done" model="workflow.activity">
            <field name="wkf_id" ref="wkf_contract"/>
            <field name="name">done</field>
            <field name="kind">function</field>
            <field name="action">state_done()</field>
            <field name="flow_stop">True</field>
        </record>
        
        <!-- Workflow Transitions -->
        
        <record id="draft2trial" model="workflow.transition">
            <field name="act_from" ref="act_draft"/>
            <field name="act_to" ref="act_trial"/>
            <field name="condition">condition_trial_period() == True</field>
            <field name="signal">signal_confirm</field>
            <field name="group_id" ref="base.group_hr_manager"/>
        </record>
        
        <record id="draft2open" model="workflow.transition">
            <field name="act_from" ref="act_draft"/>
            <field name="act_to" ref="act_open"/>
            <field name="condition">condition_trial_period() == False</field>
            <field name="signal">signal_confirm</field>
            <field name="group_id" ref="base.group_hr_manager"/>
        </record>
        
        <record id="trial2end_trial" model="workflow.transition">
            <field name="act_from" ref="act_trial"/>
            <field name="act_to" ref="act_trial_ending"/>
            <field name="signal">signal_ending_trial</field>
            <field name="group_id" ref="base.group_hr_manager"/>
        </record>
        
        <record id="trial2pending_done" model="workflow.transition">
            <field name="act_from" ref="act_trial"/>
            <field name="act_to" ref="act_pending_done"/>
            <field name="signal">signal_pending_done</field>
            <field name="group_id" ref="base.group_hr_user"/>
        </record>
        
        <record id="trial2done" model="workflow.transition">
            <field name="act_from" ref="act_trial"/>
            <field name="act_to" ref="act_done"/>
            <field name="signal">signal_done</field>
            <field name="group_id" ref="base.group_hr_manager"/>
        </record>
        
        <record id="end_trial2open" model="workflow.transition">
            <field name="act_from" ref="act_trial_ending"/>
            <field name="act_to" ref="act_open"/>
            <field name="signal">signal_open</field>
            <field name="group_id" ref="base.group_hr_manager"/>
        </record>
        
        <record id="end_trial2pending_done" model="workflow.transition">
            <field name="act_from" ref="act_trial_ending"/>
            <field name="act_to" ref="act_pending_done"/>
            <field name="signal">signal_pending_done</field>
            <field name="group_id" ref="base.group_hr_user"/>
        </record>
        
        <record id="end_trial2done" model="workflow.transition">
            <field name="act_from" ref="act_trial_ending"/>
            <field name="act_to" ref="act_done"/>
            <field name="signal">signal_done</field>
            <field name="group_id" ref="base.group_hr_manager"/>
        </record>
        
        <record id="open2end_contract" model="workflow.transition">
            <field name="act_from" ref="act_open"/>
            <field name="act_to" ref="act_contract_ending"/>
            <field name="signal">signal_ending_contract</field>
            <field name="group_id" ref="base.group_hr_manager"/>
        </record>
        
        <record id="open2pending_done" model="workflow.transition">
            <field name="act_from" ref="act_open"/>
            <field name="act_to" ref="act_pending_done"/>
            <field name="signal">signal_pending_done</field>
            <field name="group_id" ref="base.group_hr_user"/>
        </record>
        
        <record id="open2done" model="workflow.transition">
            <field name="act_from" ref="act_open"/>
            <field name="act_to" ref="act_done"/>
            <field name="signal">signal_done</field>
            <field name="group_id" ref="base.group_hr_manager"/>
        </record>
        
        <record id="end_contract2pending_done" model="workflow.transition">
            <field name="act_from" ref="act_contract_ending"/>
            <field name="act_to" ref="act_pending_done"/>
            <field name="signal">signal_pending_done</field>
            <field name="group_id" ref="base.group_hr_user"/>
        </record>
        
        <record id="end_contract2done" model="workflow.transition">
            <field name="act_from" ref="act_contract_ending"/>
            <field name="act_to" ref="act_done"/>
            <field name="signal">signal_done</field>
            <field name="group_id" ref="base.group_hr_manager"/>
        </record>
        
        <record id="pending_done2open" model="workflow.transition">
            <field name="act_from" ref="act_pending_done"/>
            <field name="act_to" ref="act_open"/>
            <field name="signal">signal_open</field>
            <field name="group_id" ref="base.group_hr_user"/>
        </record>
        
        <record id="pending_done2done" model="workflow.transition">
            <field name="act_from" ref="act_pending_done"/>
            <field name="act_to" ref="act_done"/>
            <field name="signal">signal_done</field>
            <field name="group_id" ref="base.group_hr_manager"/>
        </record>
    
    </data>
</openerp>
