<?xml version="1.0" encoding="utf-8" ?>
<openerp>
    <data>

        <!-- Make Leave Requests to Approve viewable to managers with Leave Approval rights -->
        <delete model="ir.ui.menu" id="hr_holidays.menu_request_approve_holidays"/>
        <menuitem name="Leave Requests to Approve" parent="hr_holidays.menu_open_ask_holidays" id="hr_holidays.menu_request_approve_holidays" action="hr_holidays.request_approve_holidays" groups="base.group_hr_user,hr_holidays_extension.group_hr_leave"/>

        <record id="view_leave_request_form" model="ir.ui.view">
            <field name="name">Leave Request</field>
            <field name="model">hr.holidays</field>
            <field name="priority">1</field>
            <field name="inherit_id" ref="hr_holidays.edit_holiday_new"/>
            <field name="arch" type="xml">
                <xpath expr="//form" position="replace">
                <form string="Leave Request" version="7.0">
                <header>
                    <button string="Approve" name="validate" states="confirm" type="workflow" groups="hr_holidays_extension.group_hr_leave" class="oe_highlight"/>
                    <button string="Validate" name="second_validate" states="validate1" type="workflow" groups="base.group_hr_user" class="oe_highlight"/>
                    <button string="Refuse" name="refuse" states="confirm,validate" type="workflow" groups="hr_holidays_extension.group_hr_leave"/>
                    <button string="Refuse" name="refuse" states="validate1" type="workflow" groups="base.group_hr_user"/>
                    <button string="Reset to New" name="set_to_draft" states="refuse" type="object" groups="hr_holidays_extension.group_hr_leave"/>
                    <field name="state" widget="statusbar" statusbar_visible="draft,confirm,validate" statusbar_colors='{"confirm":"blue","validate1":"blue","refuse":"red"}'/>
                </header>
                <sheet string="Leave Request">
                    <group>
                        <group>
                            <field name="holiday_type" invisible="1"/>
                            <field name="employee_id" attrs="{'required':[('holiday_type','=','employee')],'invisible':[('holiday_type','=','category')]}" on_change="onchange_bynumber(number_of_days_temp, date_from, employee_id, holiday_status_id)" groups="base.group_hr_user"/>
                            <field name="holiday_status_id" context="{'employee_id':employee_id}"/>
                            <field name="number_of_days_temp" on_change="onchange_bynumber(number_of_days_temp, date_from, employee_id, holiday_status_id)" string="Days Requested" required="1" readonly="0"/>
                            <label for="date_from" string="Duration" help="The default duration interval between the start date and the end date is 8 hours.  Feel free to adapt it to your needs."/>
                            <div>
                                <group col="3">
                                    <field name="date_from" nolabel="1" on_change="onchange_bynumber(number_of_days_temp, date_from, employee_id, holiday_status_id)" required="1" class="oe_inline"/><label string="-" class="oe_inline"/>
                                    <field name="date_to" nolabel="1" on_change="onchange_enddate(employee_id, date_to, holiday_status_id)" required="1" class="oe_inline"/>
                                </group>
                            </div>
                        </group>
                        <group>
                            <field name="name" attrs="{'readonly':[('state','!=','draft'),('state','!=','confirm')]}"/>
                            <field name="department_id" readonly="1" groups="base.group_hr_user"/>
                        </group>
                    </group>
                    <group>
                        <group>
                            <field name="return_date"/>
                        </group>
                        <group>
                            <field name="rest_days"/>
                            <field name="public_holiday_days"/>
                            <field name="real_days"/>
                            <field name="holiday_type" invisible="1"/>
                        </group>
                    </group>
                </sheet>
                <div class="oe_chatter">
                    <field name="message_follower_ids" widget="mail_followers"/>
                    <field name="message_ids" widget="mail_thread"/>
                </div>
                </form>
                </xpath>
            </field>
        </record>

        <record model="ir.actions.act_window" id="open_leave_request">
            <field name="name">All Leave Requests</field>
            <field name="res_model">hr.holidays</field>
            <field name="view_type">form</field>
            <field name="view_mode">tree,form,calendar</field>
            <field name="context">{'default_type': 'remove', 'search_default_group_date_from':1, 'search_default_group_type':1}</field>
            <field name="domain">[('type','=','remove')]</field>
            <field name="search_view_id" ref="hr_holidays.view_hr_holidays_filter"/>
            <field name="help" type="html">
              <p class="oe_view_nocontent_create">
                Click to create a new leave request.
              </p><p>
                Once you have recorded your leave request, it will be sent
                to a manager for validation. Be sure to set the right leave
                type (recuperation, legal holidays, sickness) and the exact
                number of open days related to your leave.
              </p>
            </field>
        </record>
        <menuitem parent="hr_holidays.menu_open_ask_holidays"
            id="menu_leave_request"
            action="open_leave_request"
            groups="base.group_hr_user"
            sequence="1"/>

        <record model="ir.actions.act_window.view" id="action_open_leave_request_tree">
            <field name="sequence" eval="2"/>
            <field name="view_mode">tree</field>
            <field name="view_id" ref="hr_holidays.view_holiday"/>
            <field name="act_window_id" ref="open_leave_request"/>
        </record>
        
        <!-- Change name of leave request action (from a stock install) -->
        <record model="ir.actions.act_window" id="hr_holidays.open_ask_holidays">
            <field name="name">My Leaves</field>
        </record>
        <menuitem id="hr_holidays.menu_open_ask_holidays_new"
            parent="hr_holidays.menu_open_ask_holidays"
            action="hr_holidays.open_ask_holidays"
            string="My Leaves"/>

        <record id="view_holiday_status_form" model="ir.ui.view">
            <field name="name">hr.holidays.status.form.extension</field>
            <field name="model">hr.holidays.status</field>
            <field name="inherit_id" ref="hr_holidays.edit_holiday_status_form"/>
            <field name="arch" type="xml">
                <data>
                    <xpath expr="//field[@name='active']" position="after">
                        <field name="ex_rest_days"/>
                        <field name="ex_public_holidays"/>
                    </xpath>
                </data>
            </field>
        </record>
        
    </data>
</openerp>
