<?xml version="1.0" encoding="UTF-8"?>
<openerp>
  <data>
    <record model="ir.ui.view" id="chricar_view_account_move_vat_form">
      <field name="name">chricar.account.move..vat.form</field>
      <field name="inherit_id" ref="account.view_move_form"/>
      <field name="model">account.move</field>
      <field name="type">form</field>
      <field name="arch" type="xml">
        <xpath expr="/form/sheet/notebook/page[@string='Journal Items']/field/tree/field[@name='tax_code_id']" position="before">    
             <field name="tax_id" invisible="1"/>
             <field name="amount" invisible="1"/>
        </xpath>
      </field>
    </record>
  </data>
</openerp>
