<openerp>
    <data>
        <!--  -->
        <!--   <record id="object0" model="invoice_view.invoice_view"> -->
        <!--     <field name="name">Object 0</field> -->
        <!--   </record> -->
        <!--  -->
        <!--   <record id="object1" model="invoice_view.invoice_view"> -->
        <!--     <field name="name">Object 1</field> -->
        <!--   </record> -->
        <!--  -->
        <!--   <record id="object2" model="invoice_view.invoice_view"> -->
        <!--     <field name="name">Object 2</field> -->
        <!--   </record> -->
        <!--  -->
        <!--   <record id="object3" model="invoice_view.invoice_view"> -->
        <!--     <field name="name">Object 3</field> -->
        <!--   </record> -->
        <!--  -->
        <!--   <record id="object4" model="invoice_view.invoice_view"> -->
        <!--     <field name="name">Object 4</field> -->
        <!--   </record> -->
        <!--  -->
    </data>
</openerp>