<?xml version="1.0" encoding="UTF-8"?>
<openerp>
    <data>
            <record id="account.invoice_form_inherited" model="ir.ui.view">
                  <field name="name">account.invoice.form.inherited</field>
                  <field name="model">account.invoice</field>
                  <field name="inherit_id" ref="account.invoice_form"/>
                  <field name="arch" type="xml">

                      <header>
                            <xpath expr="//button[@name='action_invoice_sent']" position="replace"/>
                             <button name="action_invoice_sent" type="object" string="Send by Email" attrs="{'invisible':['|', ('state', '=', 'open')]}" class="oe_highlight" groups="base.group_user"/>
                                <!--<button name="invoice_print" string="Print" type="object" attrs="{}" class="oe_highlight" groups="base.group_user"/>-->
                            <xpath expr="//button[@name='invoice_print']" position="replace"/>
                             <button name="invoice_print" string="Print" type="object" attrs="{'invisible':['|', ('state', '=', 'open')]}" class="oe_highlight" groups="base.group_user"/>

                      </header>

                  </field>
            </record>
    </data>
</openerp>


