<?xml version="1.0" encoding="UTF-8"?>
<openerp>
  <data>
    <record id="view_invoice_supplier_customer_data_form" model="ir.ui.view">
      <field name="name">account.invoice.supplier.customer_data.form</field>
      <field name="model">account.invoice</field>
      <field name="type">form</field>
      <field name="inherit_id" ref="account.invoice_supplier_form"/>
      <field name="arch" type="xml">
        <xpath expr="/form/sheet/group/group/field[@name='date_due']" position="after">
          <field name="customer_data"/>
        </xpath>
      </field>
    </record>
  </data>
</openerp>
