id,name,model_id:id,group_id:id,perm_read,perm_write,perm_create,perm_unlink
access_report_sale_order_board,report.sale.order.board,model_report_sale_order_board,account.group_account_manager,1,0,0,0
access_report_purchase_order_board,report.purchase.order.board,model_report_purchase_order_board,account.group_account_manager,1,0,0,0
access_report_invoice_board,report.invoice.board,model_report_invoice_board,account.group_account_manager,1,0,0,0
access_report_finance_board,report.finance.board,model_report_finance_board,account.group_account_manager,1,0,0,0

