id,name,model_id:id,group_id:id,perm_read,perm_write,perm_create,perm_unlink
access_hr_policy_line_ot_hro,access_hr_policy_line_ot,model_hr_policy_line_ot,base.group_hr_user,1,0,0,0
access_hr_policy_line_ot_hrm,access_hr_policy_line_ot,model_hr_policy_line_ot,base.group_hr_manager,1,1,1,1
access_hr_policy_line_ot_payrolluser,access_hr_policy_line_ot,model_hr_policy_line_ot,hr_security.group_payroll_user,1,0,0,0
access_hr_policy_line_ot_payroll,access_hr_policy_line_ot,model_hr_policy_line_ot,hr_security.group_payroll_manager,1,1,1,1
access_hr_policy_ot_hro,access_hr_policy_line_ot,model_hr_policy_ot,base.group_hr_user,1,0,0,0
access_hr_policy_ot_hrm,access_hr_policy_line_ot,model_hr_policy_ot,base.group_hr_manager,1,1,1,1
access_hr_policy_ot_payrolluser,access_hr_policy_line_ot,model_hr_policy_ot,hr_security.group_payroll_user,1,0,0,0
access_hr_policy_ot_payroll,access_hr_policy_line_ot,model_hr_policy_ot,hr_security.group_payroll_manager,1,1,1,1
