<?xml version="1.0" encoding="utf-8"?>
<openerp>
	<data noupdate="0">
	    <record id="group_delivery_user" model="res.groups">
	        <field name="name">Delivery User</field>
	        <field name="implied_ids" eval="[(4, ref('base.group_user'))]"/>
	    </record>
	
	    <record id="group_delivery_manager" model="res.groups">
	        <field name="name">Delivery Manager</field>
	        <field name="implied_ids" eval="[(4, ref('group_delivery_user'))]"/>
	        <field name="users" eval="[(4, ref('base.user_root'))]"/>
	    </record>
	    <record id="group_customer_service_user" model="res.groups">
	        <field name="name">Customer Service</field>
	        <field name="implied_ids" eval="[(4, ref('base.group_user'))]"/>
	    </record>
	</data>
</openerp>
