id,name,model_id:id,group_id:id,perm_read,perm_write,perm_create,perm_unlink
access_hr_infraction_user,access_hr_infraction,model_hr_infraction,base.group_hr_user,1,1,1,1
access_hr_infraction_action_user,access_hr_infraction_action,model_hr_infraction_action,base.group_hr_user,1,0,0,0
access_hr_infraction_action_manager,access_hr_infraction_action,model_hr_infraction_action,base.group_hr_manager,1,1,1,1
access_hr_infraction_warning_user,access_hr_infraction_warning,model_hr_infraction_warning,base.group_hr_user,1,0,0,0
access_hr_infraction_warning_manager,access_hr_infraction_warning,model_hr_infraction_warning,base.group_hr_manager,1,1,1,1
access_hr_infraction_category_user,access_hr_infraction_category,model_hr_infraction_category,base.group_hr_user,1,0,0,0
access_hr_infraction_category_manager,access_hr_infraction_category,model_hr_infraction_category,base.group_hr_manager,1,1,1,1
access_hr_infraction_pm,access_hr_infraction,hr_infraction.model_hr_infraction,hr_security.group_payroll_manager,1,0,0,0
access_hr_infraction_action_pm,access_hr_infraction_action,hr_infraction.model_hr_infraction_action,hr_security.group_payroll_manager,1,0,0,0
access_hr_infraction_warning_pm,access_hr_infraction_warning,hr_infraction.model_hr_infraction_warning,hr_security.group_payroll_manager,1,0,0,0
access_hr_infraction_category_pm,access_hr_infraction_category,hr_infraction.model_hr_infraction_category,hr_security.group_payroll_manager,1,0,0,0
