<?xml version="1.0" encoding="utf-8"?>
<openerp>
    <data>
        <record model="calendar.service" id="calendar_service_1">
            <field name="name">DEMO-001</field>
            <field name="start_time">2014-08-25 16:30:00</field>
            <field name="end_time">2014-08-25 17:30:00</field>
            <field name="partner_id" ref="base.res_partner_2"/>
            <field name="product_id" ref="product.product_product_consultant"/>
            <field name="user_id" ref="base.user_root"/>
            <field name="work_type">one</field>
            <field name="state">open</field>
        </record>
        
        <record model="calendar.service.work" id="calendar_service_work_1">
            <field name="name">Demo Work 1</field>
            <field name="start_time">2014-08-25 16:30:00</field>
            <field name="end_time">2014-08-25 17:30:00</field>
            <field name="employee_id" ref="hr.employee_al"/>
            <field name="partner_id" ref="base.res_partner_2"/>
            <field name="work_type">one</field>
            <field name="service_id" ref="calendar_service.calendar_service_1"/>
            <field name="state">open</field>
        </record> 
         <record model="calendar.service.work" id="calendar_service_work_2">
            <field name="name">Demo Work 2</field>
            <field name="start_time">2014-08-25 16:30:00</field>
            <field name="end_time">2014-08-25 17:30:00</field>
            <field name="employee_id" ref="hr.employee_mit"/>
            <field name="partner_id" ref="base.res_partner_2"/>
            <field name="work_type">one</field>
            <field name="service_id" ref="calendar_service.calendar_service_1"/>
            <field name="state">open</field>
        </record>  
    
    </data>
</openerp>