<openerp>
    <data>

        <!-- Record Rule Of TimeTable For All Users -->

        <record id="student_rule_timetable_record" model="ir.rule">
            <field name="name">TimeTable Record</field>
            <field ref="model_time_table" name="model_id"/>
            <field eval="1" name="global"/>
            <field name="domain_force">[('standard_id.student_ids.user_id','=',user.id)]</field>
            <field name="groups" eval="[(4, ref('school.group_school_student'))]"/>
        </record>

        <!-- Record rule Of Timetable For Teacher -->

        <record id="student_rule_timetable_teacher_record" model="ir.rule">
            <field name="name">TimeTable Record for Teacher</field>
            <field ref="model_time_table" name="model_id"/>
            <field eval="1" name="global"/>
            <field name="domain_force">[('timetable_ids.teacher_id.user_id','=',user.id)]</field>
            <field name="groups" eval="[(4, ref('school.group_school_teacher'))]"/>
        </record>

    </data>
</openerp>