id,attendance_date,name,register_id:id
op_attendance_sheet_1,2015-02-04,AR1-AS01,op_attendance_register_1
op_attendance_sheet_2,2015-02-05,AR1-AS02,op_attendance_register_1
op_attendance_sheet_3,2015-02-06,AR1-AS03,op_attendance_register_1
op_attendance_sheet_4,2015-02-09,AR1-AS04,op_attendance_register_1
op_attendance_sheet_5,2015-02-10,AR1-AS05,op_attendance_register_1
op_attendance_sheet_6,2015-02-11,AR1-AS06,op_attendance_register_1
op_attendance_sheet_7,2015-02-12,AR1-AS07,op_attendance_register_1
op_attendance_sheet_8,2015-02-13,AR1-AS08,op_attendance_register_1
op_attendance_sheet_9,2015-02-16,AR1-AS09,op_attendance_register_1
op_attendance_sheet_10,2015-02-17,AR1-AS10,op_attendance_register_1
op_attendance_sheet_11,2015-02-18,AR1-AS11,op_attendance_register_1
op_attendance_sheet_12,2015-02-19,AR1-AS12,op_attendance_register_1
op_attendance_sheet_13,2015-02-20,AR1-AS13,op_attendance_register_1
op_attendance_sheet_14,2015-02-23,AR1-AS14,op_attendance_register_1
op_attendance_sheet_15,2015-02-24,AR1-AS15,op_attendance_register_1
op_attendance_sheet_16,2015-02-25,AR1-AS16,op_attendance_register_1
op_attendance_sheet_17,2015-02-26,AR1-AS17,op_attendance_register_1
op_attendance_sheet_18,2015-02-27,AR1-AS18,op_attendance_register_1
op_attendance_sheet_19,2015-02-04,AR1-AS01,op_attendance_register_1
op_attendance_sheet_20,2015-08-05,AR2-AS01,op_attendance_register_2
op_attendance_sheet_21,2015-08-06,AR2-AS02,op_attendance_register_2
op_attendance_sheet_22,2015-08-07,AR2-AS03,op_attendance_register_2
op_attendance_sheet_23,2015-08-10,AR2-AS04,op_attendance_register_2
op_attendance_sheet_24,2015-08-11,AR2-AS05,op_attendance_register_2
op_attendance_sheet_25,2015-08-12,AR2-AS06,op_attendance_register_2
op_attendance_sheet_26,2015-08-13,AR2-AS07,op_attendance_register_2
op_attendance_sheet_27,2015-08-14,AR2-AS08,op_attendance_register_2
op_attendance_sheet_28,2015-08-17,AR2-AS09,op_attendance_register_2
op_attendance_sheet_29,2015-08-18,AR2-AS10,op_attendance_register_2
op_attendance_sheet_30,2015-08-19,AR2-AS11,op_attendance_register_2
op_attendance_sheet_31,2015-08-20,AR2-AS12,op_attendance_register_2
op_attendance_sheet_32,2015-08-21,AR2-AS13,op_attendance_register_2
op_attendance_sheet_33,2015-08-24,AR2-AS14,op_attendance_register_2
op_attendance_sheet_34,2015-08-25,AR2-AS15,op_attendance_register_2
op_attendance_sheet_35,2015-08-26,AR2-AS16,op_attendance_register_2
op_attendance_sheet_36,2015-08-27,AR2-AS17,op_attendance_register_2
op_attendance_sheet_37,2015-08-28,AR2-AS18,op_attendance_register_2
