<?xml version="1.0" encoding="UTF-8"?>
<openerp>
    <data>

        <!-- Inward Form View -->
        <record id="view_stock_picking_in_inherited_form" model="ir.ui.view">
            <field name="name">stock.picking.in.inherited.form</field>
            <field name="model">stock.picking.in</field>
            <field name="inherit_id" ref="stock.view_picking_in_form"/>
            <field name="arch" type="xml">
                <xpath expr="//field[@name='name']" position="after">
                    <button name="receipt_tree_view" string="Related Receipts"
                        class="oe_right" type="object" attrs="{'invisible': [('inward_type','=','foc')]}"/>
                </xpath>
                <xpath expr="//field[@name='invoice_state']" position="after">
                    <field name="inward_type"/>
                    <field name="transporter"/>
                    <field name="despatch_mode"/>
                </xpath>
            </field>
        </record>

        <!-- Inward Search View -->
        <record id="view_stock_picking_in_inherited_search" model="ir.ui.view">
            <field name="name">stock.picking.in.inherited.search</field>
            <field name="model">stock.picking.in</field>
            <field name="inherit_id" ref="stock.view_picking_in_search"/>
            <field name="arch" type="xml">
                <field name="product_id" position="after">
                    <field name="challan_no"/>
                    <field name="indent_id"/>
                    <field name="product_id"/>
                    <field name="department_id"/>
                </field>
            </field>
        </record>

        <!-- Receipt Tree View -->
        <record id="view_picking_receipt_tree" model="ir.ui.view">
            <field name="name">stock.picking.receipt.tree</field>
            <field name="model">stock.picking.receipt</field>
            <field name="arch" type="xml">
                <tree colors="blue:state == 'draft';grey:state == 'done';red:state not in ('cancel', 'done') and date &lt; current_date"
                    string="Receipts">
                    <field name="name" string="Receipt No"/>
                    <field name="date_done" string="Receipt Date"/>
                    <field name="partner_id" string="Supplier"/>
                    <field name="backorder_id" invisible="1"/>
                    <field name="date" invisible="1"/>
                    <field name="invoice_state" groups="account.group_account_invoice" invisible="1" />
                    <field name="stock_journal_id" widget="selection" groups="account.group_account_user" invisible="1" />
                    <field name="amount_total"/>
                    <field name="origin"/>
                    <field name="state"/>
                </tree>
            </field>
        </record>

        <!-- Receipt Form View -->
        <record id="view_picking_receipt_form" model="ir.ui.view">
            <field name="name">stock.picking.receipt.form</field>
            <field name="model">stock.picking.receipt</field>
            <field name="inherit_id" eval="False"/>
            <field name="arch" type="xml">
                <form string="Receipts" version="7.0">
                    <header>
                        <button name="draft_force_assign" states="draft" string="Confirm"
                            type="object" class="oe_highlight" groups="base.group_user"/>
                        <button name="draft_validate" states="draft"
                            string="Confirm &amp; Receive" type="object" class="oe_highlight"/>
                        <button name="action_assign" states="confirmed" string="Check Availability"
                            type="object" class="oe_highlight"/>
                        <button name="force_assign" states="confirmed" string="Force Availability"
                            type="object" class="oe_highlight" groups="base.group_user"/>
                        <button name="action_cancel_draft" string="Set to Draft"
                            type="object" states="cancel"/>
                        <button name="action_process" states="assigned" string="Receive"
                            type="object" class="oe_highlight"/>
                        <button name="%(stock.action_stock_invoice_onshipping)d"
                            string="Create Invoice/Refund"
                            attrs="{'invisible': ['|','|',('state','&lt;&gt;','done'),('invoice_state','=','invoiced'),('invoice_state','=','none')]}"
                            type="action" class="oe_highlight" groups="base.group_user"/>
                        <button name="%(stock.act_stock_return_picking)d" string="Return Products"
                            states="done" type="action"/>
                        <button name="button_cancel" states="assigned,confirmed,draft"
                            string="Cancel Transfer" groups="base.group_user"/>
                        <field name="state" widget="statusbar" statusbar_visible="draft,assigned,done"
                            statusbar_colors='{"shipping_except":"red","invoice_except":"red","waiting_date":"blue"}'/>
                    </header>
                    <sheet>
                        <h1>
                            <label string="Receipt" attrs="{'invisible': [('state','=','draft')]}"/>
                            <label string="Draft Receipt" attrs="{'invisible': [('state','in',('done', 'available', 'auto', 'confirmed', 'assigned'))]}"/>
                            <field name="name" class="oe_inline" readonly="1"/>
                        </h1>
                        <group>
                            <group>
                                <field name="partner_id" on_change="onchange_partner_in(partner_id)" string="Supplier"/>
                                <field name="backorder_id" readonly="1" attrs="{'invisible': [('backorder_id','=',False)]}"/>
                                <field name="invoice_state" string="Invoice Control" groups="account.group_account_invoice" attrs="{'invisible':[('invoice_state', '=', 'none')]}"/>
                                <field name="stock_journal_id" widget="selection" groups="account.group_account_user"/>
                            </group>
                            <group>
                                <field name="date" invisible="True"/>
                                <field name="date_done" string="Receipt Date"/>
                                <field name="origin" placeholder="e.g. PO0032" class="oe_inline"/>
                            </group>
                        </group>
                        <notebook>
                            <page string="Products">
                                <field name="move_lines" context="{'address_in_id': partner_id, 'tree_view_ref':'view_move_picking_tree', 'picking_type': 'receipt'}">
                                    <tree string="Receipt">
                                        <field name="product_id"/>
                                        <field name="price_unit"/>
                                        <field name="product_qty" sum="Total Quantity"/>
                                        <button name="%(stock.track_line)d" string="Split in Serial Number"
                                            groups="stock.group_production_lot" type="action" icon="gtk-justify-fill"
                                            states="draft,waiting,confirmed,assigned"/>
                                        <field name="excies" sum="Total Excise" />
                                        <field name="cess" sum="Total Cess"/>
                                        <field name="higher_cess" sum="Total Higher Cess"/>
                                        <field name="import_duty" sum="Total Import Duty"/>
                                        <field name="exe_excies" sum="Total CENVAT" invisible="1"/>
                                        <field name="exe_cess" sum="Total Cess" invisible="1"/>
                                        <field name="exe_higher_cess" sum="Total Higher Cess" invisible="1"/>
                                        <field name="exe_import_duty" sum="Total Import Duty" invisible="1"/>
                                        <field name="rate"/>
                                        <field name="state" invisible="1"/>
                                    </tree>
                                    <form string="Receipt" version="7.0">
                                        <header>
                                            <button name="action_confirm" states="draft" string="Process Later"
                                                type="object" class="oe_highlight"/>
                                            <button name="%(stock.action_partial_move_server)d"
                                                string="Process Partially" type="action" states="assigned" class="oe_highlight"/>
                                            <button name="action_done" states="draft,assigned,confirmed"
                                                string="Process Entirely" type="object" class="oe_highlight"/>
                                            <button name="force_assign" states="confirmed" string="Set Available"
                                                type="object" class="oe_highlight"/>
                                            <button name="action_cancel" states="assigned,confirmed"
                                                string="Cancel Move" type="object"/>
                                            <field name="state" widget="statusbar"
                                                statusbar_visible="draft,confirmed,assigned,done"
                                                statusbar_colors='{"waiting":"blue","confirmed":"blue"}'/>
                                        </header>
                                        <group>
                                            <group>
                                                <field name="product_id"
                                                    on_change="onchange_product_id(product_id,location_id,location_dest_id, False)" />
                                                <field name="product_uom"/>
                                                <field name="price_unit"/>
                                                <field name="product_uos" invisible="1"/>
                                            </group>
                                            <group>
                                                <field name="product_qty"/>
                                                <field name="location_id"/>
                                                <field name="location_dest_id"/>
                                            </group>
                                        </group>
                                        <group>
                                            <group>
                                                <field name="excies" on_change="onchange_excise(excies, import_duty)"/>
                                                <field name="cess"/>
                                                <field name="higher_cess"/>
                                                <field name="import_duty" on_change="onchange_excise(excies, import_duty)"/>
                                            </group>
                                            <group>
                                                <field name="is_same"/>
                                                <field name="exe_excies" attrs="{'invisible': [('is_same', '=', True)]}"/>
                                                <field name="exe_cess" attrs="{'invisible': [('is_same', '=', True)]}"/>
                                                <field name="exe_higher_cess" attrs="{'invisible': [('is_same', '=', True)]}"/>
                                                <field name="exe_import_duty" attrs="{'invisible': [('is_same', '=', True)]}"/>
                                            </group>
                                        </group>
                                        <group>
                                            <group>
                                                <field name="other_cost"/>
                                            </group>
                                        </group>
                                    </form>
                                </field>
                                <group class="oe_subtotal_footer oe_right">
                                    <field name="amount_subtotal" widget="monetary" options="{'currency_field': 'currency_id'}"/>
                                    <field name="freight" class="oe_edit_only" widget="monetary" options="{'currency_field': 'currency_id'}"/>
                                    <field name="other_charges" widget="monetary" options="{'currency_field': 'currency_id'}"/>
                                    <field name="import_duty" widget="monetary" options="{'currency_field': 'currency_id'}"/>
                                    <div class="oe_subtotal_footer_separator oe_inline">
                                        <label for="amount_total"/>
                                        <button name="button_dummy" states="draft,assigned,approved,confirmed,done"
                                            string="(update)" type="object" class="oe_edit_only oe_link"/>
                                    </div>
                                    <field name="amount_total" nolabel="1"
                                        class="oe_subtotal_footer_separator" widget="monetary"
                                        options="{'currency_field': 'currency_id'}"/>
                                </group>
                                <div class="oe_clear" />
                                <field name="note" placeholder="Add an internal note..."
                                    class="oe_inline" />
                            </page>
                            <page string="Additional Info">
                                <group>
                                    <group>
                                        <field name="move_type"/>
                                        <field name="type" invisible="1"/>
                                        <field name="auto_picking" groups="base.group_user"/>
                                    </group>
                                    <group>
                                        <field name="company_id" groups="base.group_multi_company" widget="selection"/>
                                    </group>
                                </group>
                            </page>
                        </notebook>
                    </sheet>
                    <div class="oe_chatter">
                        <field name="message_follower_ids" widget="mail_followers" />
                        <field name="message_ids" widget="mail_thread" />
                    </div>
                </form>
            </field>
        </record>

        <!-- Receipt Search View -->
        <record id="view_picking_receipt_search_ref" model="ir.ui.view">
            <field name="name">stock.picking.receipt.search</field>
            <field name="model">stock.picking.receipt</field>
            <field name="arch" type="xml">
                <search string="Receipts">
                    <field name="name" string="Receipt No"
                        filter_domain="['|', ('name','ilike', self),('origin','ilike',self)]"/>
                    <field name="partner_id" string="Supplier"/>
                    <field name="stock_journal_id"/>
                    <field name="inward_id"/>
                    <filter icon="terp-check" name="available" string="Ready"
                        domain="[('state','=','assigned')]" help="Assigned Delivery Orders"/>
                    <filter icon="terp-camera_test" name="confirmed" string="Waiting"
                        domain="[('state','=','confirmed')]" help="Confirmed Delivery Orders"/>
                    <filter icon="terp-dialog-close" name="done" string="Done"
                        domain="[('state','=','done')]" help="Delivery orders already processed"/>
                    <separator/>
                    <filter icon="terp-accessories-archiver-minus" string="Back Orders"
                        domain="[('backorder_id', '!=', False)]" help="Is a Back Order"/>
                    <separator/>
                    <filter icon="terp-dolar" name="to_invoice" string="To Invoice"
                        domain="[('invoice_state','=','2binvoiced')]" help="Delivery orders to invoice"/>
                    <separator/>
                    <group expand="0" string="Group By...">
                        <filter string="Status" icon="terp-stock_effects-object-colorize"
                            domain="[]" context="{'group_by':'state'}"/>
                        <filter string="Receipt Date" icon="terp-go-month" domain="[]"
                            context="{'group_by':'date_done'}"/>
                        <filter string="Supplier" icon="terp-go-month" domain="[]"
                            context="{'group_by':'partner_id'}"/>
                    </group>
                </search>
            </field>
        </record>

        <!-- Receipt Action -->
        <record id="action_picking_tree4_receipt" model="ir.actions.act_window">
            <field name="name">Receipts</field>
            <field name="res_model">stock.picking.receipt</field>
            <field name="type">ir.actions.act_window</field>
            <field name="view_type">form</field>
            <field name="view_mode">tree,form</field>
            <field name="domain">[('type','=','receipt')]</field>
            <field name="context">{'contact_display': 'partner_address', 'default_type': 'receipt'}
            </field>
            <field name="search_view_id" ref="view_picking_receipt_search_ref"/>
            <field name="help" type="html">
                <p class="oe_view_nocontent_create">
                    Click to create a receipt.
                </p>
            </field>
        </record>

        <menuitem action="action_picking_tree4_receipt" id="menu_action_picking_tree4_receipt"
            parent="stock.menu_stock_warehouse_mgmt" sequence="3"/>

    </data>
</openerp>
