<?xml version="1.0" encoding="utf-8"?>
<openerp>
    <data noupdate="1">

        <!-- Receipt Sequence -->
        <record id="seq_type_picking_receipt" model="ir.sequence.type">
            <field name="name">Picking Receipt</field>
            <field name="code">stock.picking.receipt</field>
        </record>

        <record id="seq_picking_receipt" model="ir.sequence">
            <field name="name">Picking Receipt</field>
            <field name="code">stock.picking.receipt</field>
            <field name="prefix">RCPT/</field>
            <field name="padding">5</field>
            <field name="company_id" eval="False"/>
        </record>

</data>
</openerp>
