<?xml version="1.0" encoding="UTF-8"?>
<openerp>
  <data>
<!--
    <record model="ir.ui.view" id="c2c_product_category_negative_form_view">
      <field name="name">c2c.product.category.negative.form</field>
      <field name="model">product.category</field>
      <field name="inherit_id" ref="stock.view_normal_property_acc_form"/>
      <field name="arch" type="xml">
        <field name="valuation" position="after">
          <field name="allow_negative_stock"/>
        </field>
      </field>
    </record>
-->
<!--
    <record model="ir.ui.view" id="c2c_product_negative_form_view">
      <field name="name">c2c.product.negative.form</field>
      <field name="model">product.product</field>
      <field name="inherit_id" ref="stock.view_normal_stock_property_form"/>
      <field name="arch" type="xml">
        <field name="virtual_available" position="after">
          <field name="allow_negative_stock"/>
        </field>
      </field>
    </record>
-->
  </data>
</openerp>
