<?xml version="1.0" encoding="UTF-8"?>
<openerp>
    <data>
        <record id="location_production1" model="stock.location">
            <field name="name">Production Center 001</field>
            <field name="location_id" ref="stock.stock_location_locations_virtual"/>
            <field name="usage">production</field>
            <field name="company_id"></field>
            <field name="can_request">True</field>
        </record>
        
        <record id="location_production2" model="stock.location">
            <field name="name">Production Center 002</field>
            <field name="location_id" ref="stock.stock_location_locations_virtual"/>
            <field name="usage">production</field>
            <field name="company_id"></field>
            <field name="can_request">True</field>
        </record>
        
        <record id="location_production3" model="stock.location">
            <field name="name">Production Center 003</field>
            <field name="location_id" ref="stock.stock_location_locations_virtual"/>
            <field name="usage">production</field>
            <field name="company_id"></field>
            <field name="can_request">True</field>
        </record>
    </data>
</openerp>