<?xml version="1.0" encoding="UTF-8"?>
<openerp>
  <data>

    <record model="ir.ui.view" id="city_base_form">
      <field name="name">res.country.state.city.form</field>
      <field name="model">res.country.state.city</field>
      <field name="arch" type="xml">
        <form string="City" version="7.0">
          <group col="4">
            <field name="name"/>
            <field name="code"/>
            <field name="state_id"/>
          </group>
        </form>
      </field>
    </record>
    
    <record model="ir.ui.view" id="city_base_tree">
      <field name="name">res.country.state.city.tree</field>
      <field name="model">res.country.state.city</field>
      <field name="arch" type="xml">
        <tree string="City">
          <field name="name"/>
          <field name="code"/>
          <field name="state_id"/>
        </tree>
      </field>
    </record>
    
    <record id="action_city_base_tree" model="ir.actions.act_window">
      <field name="name">Cities</field>
      <field name="res_model">res.country.state.city</field>
      <field name="view_type">form</field>
      <field name="view_mode">tree,form</field>
      <field ref="city_base_tree" name="view_id"/>
    </record>
    
    <menuitem
        name="Cities"
        id="city_base"
        parent="base.menu_localisation"
        action="action_city_base_tree"
    />
    </data>
</openerp>
