<?xml version="1.0"?>
<openerp>
  <data>
    <!-- Add cities to the company form -->
    <record id="view_company_form_city" model="ir.ui.view">
      <field name="name">res.company.form.city.2</field>
      <field name="model">res.company</field>
      <field name="inherit_id" ref="base_location.view_company_form_city"/>
      <field name="arch" type="xml">
        <field name="better_zip_id" position="replace"/>
        <field name="street" position="before">
          <field name="better_zip_id"
                 colspan="4"
                 on_change="on_change_zip_id(better_zip_id)"
                 placeholder="Address completion" />
        </field>
      </field>
    </record>
  </data>
</openerp>
