<?xml version="1.0" encoding="UTF-8"?>
<openerp>
  <data>

    <record model="ir.ui.view" id="municipality_form">
      <field name="name">res.country.state.municipality.form</field>
      <field name="model">res.country.state.municipality</field>
      <field name="arch" type="xml">
        <form string="Municipality" version="7.0">
          <group col="4">
            <field name="name"/>
            <field name="code"/>
            <field name="state_id"/>
          </group>
        </form>
      </field>
    </record>
    
    <record model="ir.ui.view" id="municipality_tree">
      <field name="name">res.country.state.municipality.tree</field>
      <field name="model">res.country.state.municipality</field>
      <field name="arch" type="xml">
        <tree string="Municipality">
          <field name="name"/>
          <field name="code"/>
          <field name="state_id"/>
        </tree>
      </field>
    </record>
    
    <record id="action_municipality_tree" model="ir.actions.act_window">
      <field name="name">Municipalities</field>
      <field name="res_model">res.country.state.municipality</field>
      <field name="view_type">form</field>
      <field name="view_mode">tree,form</field>
      <field ref="municipality_tree" name="view_id"/>
    </record>
    
    <menuitem
        name="Municipalities"
        id="municipality_base"
        parent="base.menu_localisation"
        action="action_municipality_tree"
    />
    </data>
</openerp>
