<?xml version="1.0"?>
<openerp>
  <data>
    <!-- Add cities to the State form -->
    <record model="ir.ui.view" id="view_country_state_form3">
      <field name="name">view_country_state_form3</field>
      <field name="model">res.country.state</field>
      <field name="inherit_id" ref="base_location.view_country_state_form2"/>
      <field name="arch" type="xml">
        <field name="city" position="replace">
          <field name="city_id"/>
        </field>
      </field>
    </record>
  </data>
</openerp>
