<?xml version="1.0" encoding="UTF-8"?>
<openerp>
  <data>

    <record model="ir.ui.view" id="street_base_form">
      <field name="name">res.country.state.city.street.form</field>
      <field name="model">res.country.state.city.street</field>
      <field name="arch" type="xml">
        <form string="City" version="7.0">
          <group col="4">
            <field name="name"/>            
            <field name="city_id"/>
          </group>
        </form>
      </field>
    </record>
    
    <record model="ir.ui.view" id="street_base_tree">
      <field name="name">res.country.state.city.street.tree</field>
      <field name="model">res.country.state.city.street</field>
      <field name="arch" type="xml">
        <tree string="Street">
          <field name="name"/>          
          <field name="city_id"/>
        </tree>
      </field>
    </record>
    
    <record id="action_street_base_tree" model="ir.actions.act_window">
      <field name="name">Streets</field>
      <field name="res_model">res.country.state.city.street</field>
      <field name="view_type">form</field>
      <field name="view_mode">tree,form</field>
      <field ref="street_base_tree" name="view_id"/>
    </record>
    
    <menuitem
        name="Streets"
        id="street_base"
        parent="base.menu_localisation"
        action="action_street_base_tree"
    />
    </data>
</openerp>
