"id","name","model_id:id","group_id:id","perm_read","perm_write","perm_create","perm_unlink"
"access_op_attendance_register_faculty","op_attendance_register_faculty","model_op_attendance_register","openeducat_core.group_op_faculty",1,1,1,1
"access_op_attendance_register_back_office","op_attendance_register_back_office","model_op_attendance_register","openeducat_core.group_op_back_office",1,1,1,1
"access_op_attendance_register_back_office_admin","op_attendance_register_back_office_admin","model_op_attendance_register","openeducat_core.group_op_back_office_admin",1,1,1,1
,,,,,,,
"access_op_attendance_sheet_faculty","op_attendance_sheet_faculty","model_op_attendance_sheet","openeducat_core.group_op_faculty",1,1,1,1
"access_op_attendance_sheet_back_office","op_attendance_sheet_back_office","model_op_attendance_sheet","openeducat_core.group_op_back_office",1,1,1,1
"access_op_attendance_sheet_back_office_admin","op_attendance_sheet_back_office_admin","model_op_attendance_sheet","openeducat_core.group_op_back_office_admin",1,1,1,1
,,,,,,,
"access_op_attendance_line","name_op_attendance_line","model_op_attendance_line","base.group_user",1,1,1,0
