<?xml version="1.0" encoding="UTF-8"?>
<openerp>
    <data>
        <record id="board_faculty_form" model="ir.ui.view">
            <field name="name">board.faculty.form</field>
            <field name="model">board.board</field>
            <field name="arch" type="xml">
                <form string="Faculty Dashboard">
                    <board style="2-1">
                    </board>
                </form>
            </field>
        </record>
        <record id="open_board_faculty" model="ir.actions.act_window">
            <field name="name">Faculty Dashboard</field>
            <field name="res_model">board.board</field>
            <field name="view_type">form</field>
            <field name="view_mode">form</field>
            <field name="usage">menu</field>
            <field name="view_id" ref="board_faculty_form" />
            <field name="help" type="html">
                <div class="oe_empty_custom_dashboard">
                    <p>
                        <b>Your faculty dashboard is empty.</b>
                    </p>
                    <p>
                        To add your first report into this dashboard, go to any
                        menu, switch to list or graph view, and click
                        <i>'Add to
                            Dashboard'
                        </i>
                        in the extended search options.
                    </p>
                    <p>
                        You can filter and group data before inserting into the
                        dashboard using the search options.
                    </p>
                </div>
            </field>
        </record>
    </data>
</openerp>
