<?xml version="1.0" encoding="utf-8" ?>
<openerp>
    <data noupdate="0">
        
        <!-- User Groups -->
        
        <record id="group_hr_director" model="res.groups">
            <field name="name">HR Director</field>
            <field name="category_id" ref="base.module_category_human_resources"/>
            <field name="implied_ids" eval="[(4, ref('base.group_hr_manager'))]"/>
            <field name="users" eval="[(4, ref('base.user_root'))]"/>
            <field name="comment">the user will have final approval of some HR Documents</field>
        </record>
        
        <!-- Payroll -->
        
        <record id="group_payroll_user" model="res.groups">
            <field name="name">Payroll User</field>
            <field name="category_id" ref="base.module_category_human_resources"/>
            <field name="users" eval="[(4, ref('base.user_root'))]"/>
            <field name="comment">the user will do payroll processing</field>
        </record>
        
        <record id="group_payroll_manager" model="res.groups">
            <field name="name">Payroll Manager</field>
            <field name="category_id" ref="base.module_category_human_resources"/>
            <field name="implied_ids" eval="[(4, ref('hr_security.group_payroll_user'))]"/>
            <field name="users" eval="[(4, ref('base.user_root'))]"/>
            <field name="comment">the user will do final payroll processing</field>
        </record>
        
    </data>    
</openerp>
