<?xml version="1.0"?>
<openerp>
  <data>

    <record id="property_rule_contract_employee" model="ir.rule">
        <field name="name">Employee Own Contract</field>
        <field model="ir.model" name="model_id" ref="hr_contract.model_hr_contract"/>
        <field name="domain_force">[('employee_id.user_id','=',user.id)]</field>
        <field name="groups" eval="[(4,ref('base.group_user'))]"/>
    </record>
    <record id="property_rule_contract_officer" model="ir.rule">
        <field name="name">HR Officer Contract</field>
        <field model="ir.model" name="model_id" ref="hr_contract.model_hr_contract"/>
        <field name="domain_force">[(1, '=', 1)]</field>
        <field name="groups" eval="[(4,ref('base.group_hr_user'))]"/>
    </record>
    
  </data>
</openerp>
